Ref,Step no,Step,Substep — still to do,Actor,Mode,Precondition,Substep — done,Column,Kind,Outcome,Audience,Surface,Text,Built
1a,1,Draft,Send Code,System,automated,automated — fires the moment the draft row is created,Code Sent,Written to the trail when it fails,trail row,fails,,,① code → customer failed,yes
1a,1,Draft,Send Code,System,automated,automated — fires the moment the draft row is created,Code Sent,Written to the trail when it fails,trail row,fails,,,① code → customer bounced — hard,yes
1a,1,Draft,Send Code,System,automated,automated — fires the moment the draft row is created,Code Sent,Written to the trail when it fails,trail row,fails,,,① code → customer bounced — soft,yes
1a,1,Draft,Send Code,System,automated,automated — fires the moment the draft row is created,Code Sent,Written to the trail when it fails,trail row,fails,,,① code → customer bounced,yes
1a,1,Draft,Send Code,System,automated,automated — fires the moment the draft row is created,Code Sent,Written to the trail when it fails,trail row,fails,,,① code → customer complained,yes
1a,1,Draft,Send Code,System,automated,automated — fires the moment the draft row is created,Code Sent,Shown to someone when it fails,message,fails,Customer,checkout flow,“That email address doesn’t exist. Please check it for a typo and try again.”,yes
1a,1,Draft,Send Code,System,automated,automated — fires the moment the draft row is created,Code Sent,Shown to someone when it fails,message,fails,Customer,checkout flow,"“That inbox couldn’t accept our email. It may be full, so please try a different address.”",yes
1a,1,Draft,Send Code,System,automated,automated — fires the moment the draft row is created,Code Sent,Shown to someone when it fails,message,fails,Customer,checkout flow,"“We couldn’t deliver your code to that address. Check it for a typo, or try a different email.”",yes
1a,1,Draft,Send Code,System,automated,automated — fires the moment the draft row is created,Code Sent,Shown to someone when it fails,message,fails,Customer,checkout flow,“We couldn’t send your code — please check the address and try again.”,yes
1a,1,Draft,Send Code,System,automated,automated — fires the moment the draft row is created,Code Sent,Shown to someone when it fails,message,fails,Customer,checkout flow,“We couldn’t send your code — please try again in a moment.”,yes
1a,1,Draft,Send Code,System,automated,automated — fires the moment the draft row is created,Code Sent,Written to the trail when it works,trail row,works,,,① code → customer,yes
1a,1,Draft,Send Code,System,automated,automated — fires the moment the draft row is created,Code Sent,Written to the trail when it works,trail row,works,,,① code → customer delivered,yes
1a,1,Draft,Send Code,System,automated,automated — fires the moment the draft row is created,Code Sent,Shown to someone when it works,message,works,Customer,checkout flow,“Enter the code from your email.”,yes
1a,1,Draft,Send Code,System,automated,automated — fires the moment the draft row is created,Code Sent,Shown to someone when it works,message,works,Customer,checkout flow,“We’ve sent a new code.” on a resend,yes
1b,1,Draft,Prove Email,Customer,manual,manual — types the six digits,Email Proven,Written to the trail when it fails,trail row,fails,,,code rejected — wrong code — 1 of 5 attempts spent,yes
1b,1,Draft,Prove Email,Customer,manual,manual — types the six digits,Email Proven,Written to the trail when it fails,trail row,fails,,,code rejected — wrong code — 2 of 5 attempts spent,yes
1b,1,Draft,Prove Email,Customer,manual,manual — types the six digits,Email Proven,Written to the trail when it fails,trail row,fails,,,code rejected — wrong code — 3 of 5 attempts spent,yes
1b,1,Draft,Prove Email,Customer,manual,manual — types the six digits,Email Proven,Written to the trail when it fails,trail row,fails,,,code rejected — wrong code — 4 of 5 attempts spent,yes
1b,1,Draft,Prove Email,Customer,manual,manual — types the six digits,Email Proven,Written to the trail when it fails,trail row,fails,,,code rejected — wrong code — 5 of 5 attempts spent,yes
1b,1,Draft,Prove Email,Customer,manual,manual — types the six digits,Email Proven,Written to the trail when it fails,trail row,fails,,,code rejected — 5 attempts spent,yes
1b,1,Draft,Prove Email,Customer,manual,manual — types the six digits,Email Proven,Written to the trail when it fails,trail row,fails,,,code rejected — the window had closed,yes
1b,1,Draft,Prove Email,Customer,manual,manual — types the six digits,Email Proven,Written to the trail when it fails,trail row,fails,,,code rejected — no code outstanding,yes
1b,1,Draft,Prove Email,Customer,manual,manual — types the six digits,Email Proven,Shown to someone when it fails,message,fails,Customer,checkout flow,“That code doesn’t match. Check the email and try again.”,yes
1b,1,Draft,Prove Email,Customer,manual,manual — types the six digits,Email Proven,Shown to someone when it fails,message,fails,Customer,checkout flow,“Too many incorrect attempts. Ask for a new code to try again.”,yes
1b,1,Draft,Prove Email,Customer,manual,manual — types the six digits,Email Proven,Shown to someone when it fails,message,fails,Customer,checkout flow,“We haven’t sent a code yet. Ask for a new one below.”,yes
1b,1,Draft,Prove Email,Customer,manual,manual — types the six digits,Email Proven,Shown to someone when it fails,message,fails,Customer,checkout flow,“Too many attempts. Please wait a few minutes.”,yes
1b,1,Draft,Prove Email,Customer,manual,manual — types the six digits,Email Proven,Shown to someone when it fails,message,fails,Customer,checkout flow,“Too many code requests. Please wait a few minutes.” on the resend,yes
1b,1,Draft,Prove Email,Customer,manual,manual — types the six digits,Email Proven,Written to the trail when it works,trail row,works,,,code accepted,yes
1b,1,Draft,Prove Email,Customer,manual,manual — types the six digits,Email Proven,Written to the trail when it works,trail row,works,,,code accepted — on attempt 2,yes
1b,1,Draft,Prove Email,Customer,manual,manual — types the six digits,Email Proven,Written to the trail when it works,trail row,works,,,code accepted — on attempt 3,yes
1b,1,Draft,Prove Email,Customer,manual,manual — types the six digits,Email Proven,Written to the trail when it works,trail row,works,,,code accepted — on attempt 4,yes
1b,1,Draft,Prove Email,Customer,manual,manual — types the six digits,Email Proven,Written to the trail when it works,trail row,works,,,code accepted — on attempt 5,yes
1b,1,Draft,Prove Email,Customer,manual,manual — types the six digits,Email Proven,Shown to someone when it works,message,works,Customer,checkout flow,"the upload step opens — no message, the screen simply advances",yes
2a,2,Upload,Attach File/s,Customer,manual,manual — picks files from their device,File/s Attached,Written to the trail when it fails,trail row,fails,,,intake rejected — over the size limit,no
2a,2,Upload,Attach File/s,Customer,manual,manual — picks files from their device,File/s Attached,Written to the trail when it fails,trail row,fails,,,intake rejected — file type not supported,no
2a,2,Upload,Attach File/s,Customer,manual,manual — picks files from their device,File/s Attached,Written to the trail when it fails,trail row,fails,,,intake rejected — the file was empty,no
2a,2,Upload,Attach File/s,Customer,manual,manual — picks files from their device,File/s Attached,Written to the trail when it fails,trail row,fails,,,intake rejected — over the file-count limit,no
2a,2,Upload,Attach File/s,Customer,manual,manual — picks files from their device,File/s Attached,Written to the trail when it fails,trail row,fails,,,intake upload stopped partway,no
2a,2,Upload,Attach File/s,Customer,manual,manual — picks files from their device,File/s Attached,Written to the trail when it fails,trail row,fails,,,intake upload failed — storage unreachable,no
2a,2,Upload,Attach File/s,Customer,manual,manual — picks files from their device,File/s Attached,Written to the trail when it fails,trail row,fails,,,intake never uploaded — the flow window after hand-off,no
2a,2,Upload,Attach File/s,Customer,manual,manual — picks files from their device,File/s Attached,Shown to someone when it fails,message,fails,Customer,checkout flow,“You can attach up to 5 files.”,yes
2a,2,Upload,Attach File/s,Customer,manual,manual — picks files from their device,File/s Attached,Shown to someone when it fails,message,fails,Customer,checkout flow,“Files must be under 50 MB.”,yes
2a,2,Upload,Attach File/s,Customer,manual,manual — picks files from their device,File/s Attached,Shown to someone when it fails,message,fails,Customer,checkout flow,“That file type isn’t supported.”,yes
2a,2,Upload,Attach File/s,Customer,manual,manual — picks files from their device,File/s Attached,Shown to someone when it fails,message,fails,Customer,checkout flow,“That file is empty.”,yes
2a,2,Upload,Attach File/s,Customer,manual,manual — picks files from their device,File/s Attached,Shown to someone when it fails,message,fails,Customer,checkout flow,“Your session has expired. Please start again.”,yes
2a,2,Upload,Attach File/s,Customer,manual,manual — picks files from their device,File/s Attached,Shown to someone when it fails,message,fails,Customer,checkout flow,“Please attach at least one file first.” on trying to advance,yes
2a,2,Upload,Attach File/s,Customer,manual,manual — picks files from their device,File/s Attached,Written to the trail when it works,trail row,works,,,files attached — 1 intake,no
2a,2,Upload,Attach File/s,Customer,manual,manual — picks files from their device,File/s Attached,Written to the trail when it works,trail row,works,,,files attached — 2 intake,no
2a,2,Upload,Attach File/s,Customer,manual,manual — picks files from their device,File/s Attached,Written to the trail when it works,trail row,works,,,files attached — 3 intake,no
2a,2,Upload,Attach File/s,Customer,manual,manual — picks files from their device,File/s Attached,Written to the trail when it works,trail row,works,,,files attached — 4 intake,no
2a,2,Upload,Attach File/s,Customer,manual,manual — picks files from their device,File/s Attached,Written to the trail when it works,trail row,works,,,files attached — 5 intake,no
2a,2,Upload,Attach File/s,Customer,manual,manual — picks files from their device,File/s Attached,Shown to someone when it works,message,works,Customer,checkout flow,each file appears in the list with its size,yes
2b,2,Upload,Clear Payment,Customer,manual,manual — submits the card,Payment Cleared,Written to the trail when it fails,trail row,fails,,,"declined — a row of its own, not just the notice",no
2b,2,Upload,Clear Payment,Customer,manual,manual — submits the card,Payment Cleared,Written to the trail when it fails,trail row,fails,,,card declined → customer,yes
2b,2,Upload,Clear Payment,Customer,manual,manual — submits the card,Payment Cleared,Written to the trail when it fails,trail row,fails,,,card declined → customer delivered,yes
2b,2,Upload,Clear Payment,Customer,manual,manual — submits the card,Payment Cleared,Written to the trail when it fails,trail row,fails,,,card declined → customer failed,yes
2b,2,Upload,Clear Payment,Customer,manual,manual — submits the card,Payment Cleared,Written to the trail when it fails,trail row,fails,,,card declined → customer bounced — hard,yes
2b,2,Upload,Clear Payment,Customer,manual,manual — submits the card,Payment Cleared,Written to the trail when it fails,trail row,fails,,,card declined → customer bounced — soft,yes
2b,2,Upload,Clear Payment,Customer,manual,manual — submits the card,Payment Cleared,Written to the trail when it fails,trail row,fails,,,card declined → customer bounced,yes
2b,2,Upload,Clear Payment,Customer,manual,manual — submits the card,Payment Cleared,Written to the trail when it fails,trail row,fails,,,card declined → customer complained,yes
2b,2,Upload,Clear Payment,Customer,manual,manual — submits the card,Payment Cleared,Shown to someone when it fails,message,fails,Customer,checkout flow,“That card didn’t go through”,yes
2b,2,Upload,Clear Payment,Customer,manual,manual — submits the card,Payment Cleared,Shown to someone when it fails,message,fails,Customer,checkout flow,“That payment didn’t go through.”,yes
2b,2,Upload,Clear Payment,Customer,manual,manual — submits the card,Payment Cleared,Shown to someone when it fails,message,fails,Customer,checkout flow,“We couldn’t start the payment. Please try again.”,yes
2b,2,Upload,Clear Payment,Customer,manual,manual — submits the card,Payment Cleared,Shown to someone when it fails,message,fails,Customer,checkout flow,“Your payment is still processing. We’ll email you as soon as it clears.”,yes
2b,2,Upload,Clear Payment,Customer,manual,manual — submits the card,Payment Cleared,Shown to someone when it fails,message,fails,Customer,email,"the decline email, carrying a way back in",yes
2b,2,Upload,Clear Payment,Customer,manual,manual — submits the card,Payment Cleared,Shown to someone when it fails,message,fails,Customer,checkout flow,"“That submission expired, so we’ve started you fresh.”",no
2b,2,Upload,Clear Payment,Customer,manual,manual — submits the card,Payment Cleared,Written to the trail when it works,trail row,works,,,payment cleared — confirmed in the browser,no
2b,2,Upload,Clear Payment,Customer,manual,manual — submits the card,Payment Cleared,Written to the trail when it works,trail row,works,,,payment cleared — confirmed by webhook,no
2b,2,Upload,Clear Payment,Customer,manual,manual — submits the card,Payment Cleared,Written to the trail when it works,trail row,works,,,"payment cleared — already paid, second caller no-ops",no
2b,2,Upload,Clear Payment,Customer,manual,manual — submits the card,Payment Cleared,Written to the trail when it works,trail row,works,,,"payment cleared — 3-D Secure, returned via /api/payment/return",no
2b,2,Upload,Clear Payment,Customer,manual,manual — submits the card,Payment Cleared,Shown to someone when it works,message,works,Customer,checkout flow,the confirmation screen,yes
3a,3,New,Send Receipt,System,automated,automated — fires on payment clearing,Receipt Sent,Written to the trail when it fails,trail row,fails,,,② receipt → customer failed,yes
3a,3,New,Send Receipt,System,automated,automated — fires on payment clearing,Receipt Sent,Written to the trail when it fails,trail row,fails,,,② receipt → customer bounced — hard,yes
3a,3,New,Send Receipt,System,automated,automated — fires on payment clearing,Receipt Sent,Written to the trail when it fails,trail row,fails,,,② receipt → customer bounced — soft,yes
3a,3,New,Send Receipt,System,automated,automated — fires on payment clearing,Receipt Sent,Written to the trail when it fails,trail row,fails,,,② receipt → customer bounced,yes
3a,3,New,Send Receipt,System,automated,automated — fires on payment clearing,Receipt Sent,Written to the trail when it fails,trail row,fails,,,② receipt → customer complained,yes
3a,3,New,Send Receipt,System,automated,automated — fires on payment clearing,Receipt Sent,Shown to someone when it fails,message,fails,Admin,operator portal,“The receipt to {customer} bounced — they may not know their submission arrived.”,no
3a,3,New,Send Receipt,System,automated,automated — fires on payment clearing,Receipt Sent,Written to the trail when it works,trail row,works,,,② receipt → customer,yes
3a,3,New,Send Receipt,System,automated,automated — fires on payment clearing,Receipt Sent,Written to the trail when it works,trail row,works,,,② receipt → customer delivered,yes
3a,3,New,Send Receipt,System,automated,automated — fires on payment clearing,Receipt Sent,Shown to someone when it works,message,works,Customer,email,"② the receipt, listing every file",yes
3b,3,New,Inform Admin,System,automated,automated — fires on payment clearing,Admin Informed,Written to the trail when it fails,trail row,fails,,,② New submission → Admin failed,yes
3b,3,New,Inform Admin,System,automated,automated — fires on payment clearing,Admin Informed,Written to the trail when it fails,trail row,fails,,,② New submission → Admin bounced — hard,yes
3b,3,New,Inform Admin,System,automated,automated — fires on payment clearing,Admin Informed,Written to the trail when it fails,trail row,fails,,,② New submission → Admin bounced — soft,yes
3b,3,New,Inform Admin,System,automated,automated — fires on payment clearing,Admin Informed,Written to the trail when it fails,trail row,fails,,,② New submission → Admin bounced,yes
3b,3,New,Inform Admin,System,automated,automated — fires on payment clearing,Admin Informed,Written to the trail when it fails,trail row,fails,,,② New submission → Admin complained,yes
3b,3,New,Inform Admin,System,automated,automated — fires on payment clearing,Admin Informed,Shown to someone when it fails,message,fails,Admin,operator portal,a banner on the row — “Your new-submission notice bounced. Check the address on your account.”,no
3b,3,New,Inform Admin,System,automated,automated — fires on payment clearing,Admin Informed,Written to the trail when it works,trail row,works,,,② New submission → Admin,yes
3b,3,New,Inform Admin,System,automated,automated — fires on payment clearing,Admin Informed,Written to the trail when it works,trail row,works,,,② New submission → Admin delivered,yes
3b,3,New,Inform Admin,System,automated,automated — fires on payment clearing,Admin Informed,Shown to someone when it works,message,works,Admin,email,② the new-submission notice,yes
3c,3,New,Update Client,System,automated,automated — fires on arrival at New,Client Updated,Written to the trail when it fails,trail row,fails,,,client status update failed — the page still shows the previous line,no
3c,3,New,Update Client,System,automated,automated — fires on arrival at New,Client Updated,Shown to someone when it fails,message,fails,Admin,operator portal,“The client’s status page didn’t update — it still shows the previous step.”,no
3c,3,New,Update Client,System,automated,automated — fires on arrival at New,Client Updated,Written to the trail when it works,trail row,works,,,client status — “Welcome — your submission is in and we're finding you a coach.”,no
3c,3,New,Update Client,System,automated,automated — fires on arrival at New,Client Updated,Shown to someone when it works,message,works,Customer,status page,“Welcome — your submission is in and we're finding you a coach.”,no
4a,4,Assign,Assess Coach Fit,System,automated,automated — scores every active coach on focus and language,Coach Fit Assessed,Written to the trail when it fails,trail row,fails,,,no active coach covers that focus,no
4a,4,Assign,Assess Coach Fit,System,automated,automated — scores every active coach on focus and language,Coach Fit Assessed,Written to the trail when it fails,trail row,fails,,,no eligible coach shares a language — translation unavoidable,no
4a,4,Assign,Assess Coach Fit,System,automated,automated — scores every active coach on focus and language,Coach Fit Assessed,Shown to someone when it fails,message,fails,Admin,operator portal,“No active coach covers that focus.”,no
4a,4,Assign,Assess Coach Fit,System,automated,automated — scores every active coach on focus and language,Coach Fit Assessed,Shown to someone when it fails,message,fails,Admin,operator portal,“No coach who covers this focus shares the client’s language — a translation will be needed whoever you pick.”,no
4a,4,Assign,Assess Coach Fit,System,automated,automated — scores every active coach on focus and language,Coach Fit Assessed,Written to the trail when it works,trail row,works,,,coach fit assessed — {n} eligible on focus,no
4a,4,Assign,Assess Coach Fit,System,automated,automated — scores every active coach on focus and language,Coach Fit Assessed,Written to the trail when it works,trail row,works,,,coach fit assessed — {n} of those share a language,no
4a,4,Assign,Assess Coach Fit,System,automated,automated — scores every active coach on focus and language,Coach Fit Assessed,Shown to someone when it works,message,works,Admin,operator portal,the assign list shows each eligible coach and whether picking them needs a translation,no
4a,4,Assign,Assess Coach Fit,System,automated,automated — scores every active coach on focus and language,Coach Fit Assessed,Shown to someone when it works,message,works,Admin,operator portal,“{n} coaches cover this focus. {m} of them read the client’s language.”,no
4b,4,Assign,Assign Coach,Admin,manual,"manual — picks from the eligible list, cost shown per option",Coach Assigned,Written to the trail when it fails,trail row,fails,,,coach already assigned — reassignment refused,no
4b,4,Assign,Assign Coach,Admin,manual,"manual — picks from the eligible list, cost shown per option",Coach Assigned,Written to the trail when it fails,trail row,fails,,,coach assignment failed — the pick is no longer eligible — reassess fit,no
4b,4,Assign,Assign Coach,Admin,manual,"manual — picks from the eligible list, cost shown per option",Coach Assigned,Shown to someone when it fails,message,fails,Admin,operator portal,“This has already gone to a coach. Reload to see where it is.”,no
4b,4,Assign,Assign Coach,Admin,manual,"manual — picks from the eligible list, cost shown per option",Coach Assigned,Shown to someone when it fails,message,fails,Admin,operator portal,“The pick is no longer eligible — reassess fit.”,no
4b,4,Assign,Assign Coach,Admin,manual,"manual — picks from the eligible list, cost shown per option",Coach Assigned,Shown to someone when it fails,message,fails,Admin,operator portal,“That didn’t go through — try again.”,no
4b,4,Assign,Assign Coach,Admin,manual,"manual — picks from the eligible list, cost shown per option",Coach Assigned,Written to the trail when it works,trail row,works,,,coach assigned — {coachId},no
4b,4,Assign,Assign Coach,Admin,manual,"manual — picks from the eligible list, cost shown per option",Coach Assigned,Written to the trail when it works,trail row,works,,,coach unassigned — {coachId},no
4b,4,Assign,Assign Coach,Admin,manual,"manual — picks from the eligible list, cost shown per option",Coach Assigned,Shown to someone when it works,message,works,Admin,operator portal,the coach’s name appears on the row,no
4b,4,Assign,Assign Coach,Admin,manual,"manual — picks from the eligible list, cost shown per option",Coach Assigned,Shown to someone when it works,message,works,Admin,operator portal,“Two coachs on this one.”,no
4b,4,Assign,Assign Coach,Admin,manual,"manual — picks from the eligible list, cost shown per option",Coach Assigned,Shown to someone when it works,message,works,Admin,operator portal,“Reassigned — {name} has it now.”,no
4c,4,Assign,Update Client,System,automated,automated — fires once the coach is on the row,Client Updated,Written to the trail when it fails,trail row,fails,,,client status update failed — the page still shows the previous line,no
4c,4,Assign,Update Client,System,automated,automated — fires once the coach is on the row,Client Updated,Shown to someone when it fails,message,fails,Admin,operator portal,“The client’s status page didn’t update — it still shows the previous step.”,no
4c,4,Assign,Update Client,System,automated,automated — fires once the coach is on the row,Client Updated,Written to the trail when it works,trail row,works,,,client status — “Your coach has been assigned.”,no
4c,4,Assign,Update Client,System,automated,automated — fires once the coach is on the row,Client Updated,Shown to someone when it works,message,works,Customer,status page,“Your coach has been assigned.”,no
4d,4,Assign,Choose Path,System,automated,automated — reads the assigned coach's language match,Path Chosen,Written to the trail when it fails,trail row,fails,,,compatibility check skipped — no coach assigned,no
4d,4,Assign,Choose Path,System,automated,automated — reads the assigned coach's language match,Path Chosen,Written to the trail when it fails,trail row,fails,,,compatibility split — {coachId} shares no language with the client,no
4d,4,Assign,Choose Path,System,automated,automated — reads the assigned coach's language match,Path Chosen,Shown to someone when it fails,message,fails,Admin,operator portal,“Assign a coach before checking languages.”,no
4d,4,Assign,Choose Path,System,automated,automated — reads the assigned coach's language match,Path Chosen,Shown to someone when it fails,message,fails,Admin,operator portal,"“{name} can’t read the client’s files. Translate for all, or reassign.”",no
4d,4,Assign,Choose Path,System,automated,automated — reads the assigned coach's language match,Path Chosen,Written to the trail when it works,trail row,works,,,translation required — no shared language. Proceeding to Step 5,no
4d,4,Assign,Choose Path,System,automated,automated — reads the assigned coach's language match,Path Chosen,Written to the trail when it works,trail row,works,,,translation not required — shared language. Proceeding to Step 8,no
4d,4,Assign,Choose Path,System,automated,automated — reads the assigned coach's language match,Path Chosen,Shown to someone when it works,message,works,Admin,operator portal,“No shared language — this needs translating. Moving to Step 5.”,no
4d,4,Assign,Choose Path,System,automated,automated — reads the assigned coach's language match,Path Chosen,Shown to someone when it works,message,works,Admin,operator portal,“Shared language — no translation needed. Moving to Step 8.”,no
5a,5,Translate,Assign Translator,Admin,manual,manual — picks from the translator list,Translator Assigned,Written to the trail when it fails,trail row,fails,,,intake translator already assigned — reassignment refused,no
5a,5,Translate,Assign Translator,Admin,manual,manual — picks from the translator list,Translator Assigned,Written to the trail when it fails,trail row,fails,,,intake translator assignment failed — nobody on file covers that language pair,no
5a,5,Translate,Assign Translator,Admin,manual,manual — picks from the translator list,Translator Assigned,Shown to someone when it fails,message,fails,Admin,operator portal,“This has already gone to a translator. Reload to see where it is.”,no
5a,5,Translate,Assign Translator,Admin,manual,manual — picks from the translator list,Translator Assigned,Shown to someone when it fails,message,fails,Admin,operator portal,“Nobody on file covers that language pair.”,no
5a,5,Translate,Assign Translator,Admin,manual,manual — picks from the translator list,Translator Assigned,Shown to someone when it fails,message,fails,Admin,operator portal,“That didn’t go through — try again.”,no
5a,5,Translate,Assign Translator,Admin,manual,manual — picks from the translator list,Translator Assigned,Written to the trail when it works,trail row,works,,,intake translator assigned — {translatorId},no
5a,5,Translate,Assign Translator,Admin,manual,manual — picks from the translator list,Translator Assigned,Written to the trail when it works,trail row,works,,,intake translator unassigned — {translatorId},no
5a,5,Translate,Assign Translator,Admin,manual,manual — picks from the translator list,Translator Assigned,Shown to someone when it works,message,works,Admin,operator portal,the translator’s name appears on the row,no
5a,5,Translate,Assign Translator,Admin,manual,manual — picks from the translator list,Translator Assigned,Shown to someone when it works,message,works,Admin,operator portal,“Two translators on this one.”,no
5a,5,Translate,Assign Translator,Admin,manual,manual — picks from the translator list,Translator Assigned,Shown to someone when it works,message,works,Admin,operator portal,“Reassigned — {name} has it now.”,no
5a,5,Translate,Assign Translator,Admin,manual,manual — picks from the translator list,Translator Assigned,Shown to someone when it works,message,works,Admin,operator portal,“The return leg can take a different translator.”,no
5b,5,Translate,Inform Translator,System,automated,"automated — fires on assignment; there is one set, so nothing to choose",Translator Informed,Written to the trail when it fails,trail row,fails,,,③ hand-off → translator failed,yes
5b,5,Translate,Inform Translator,System,automated,"automated — fires on assignment; there is one set, so nothing to choose",Translator Informed,Written to the trail when it fails,trail row,fails,,,③ hand-off → translator bounced — hard,yes
5b,5,Translate,Inform Translator,System,automated,"automated — fires on assignment; there is one set, so nothing to choose",Translator Informed,Written to the trail when it fails,trail row,fails,,,③ hand-off → translator bounced — soft,yes
5b,5,Translate,Inform Translator,System,automated,"automated — fires on assignment; there is one set, so nothing to choose",Translator Informed,Written to the trail when it fails,trail row,fails,,,③ hand-off → translator bounced,yes
5b,5,Translate,Inform Translator,System,automated,"automated — fires on assignment; there is one set, so nothing to choose",Translator Informed,Written to the trail when it fails,trail row,fails,,,③ hand-off → translator complained,yes
5b,5,Translate,Inform Translator,System,automated,"automated — fires on assignment; there is one set, so nothing to choose",Translator Informed,Shown to someone when it fails,message,fails,Admin,operator portal,“The translator never received this — they don’t know they have work.”,no
5b,5,Translate,Inform Translator,System,automated,"automated — fires on assignment; there is one set, so nothing to choose",Translator Informed,Shown to someone when it fails,message,fails,Admin,operator portal,“That didn’t go through — try again.”,no
5b,5,Translate,Inform Translator,System,automated,"automated — fires on assignment; there is one set, so nothing to choose",Translator Informed,Written to the trail when it works,trail row,works,,,③ hand-off → translator,yes
5b,5,Translate,Inform Translator,System,automated,"automated — fires on assignment; there is one set, so nothing to choose",Translator Informed,Written to the trail when it works,trail row,works,,,③ hand-off → translator delivered,yes
5b,5,Translate,Inform Translator,System,automated,"automated — fires on assignment; there is one set, so nothing to choose",Translator Informed,Shown to someone when it works,message,works,Translator,email,"③ the hand-off, with a download link per file",no
5b,5,Translate,Inform Translator,System,automated,"automated — fires on assignment; there is one set, so nothing to choose",Translator Informed,Shown to someone when it works,message,works,Admin,operator portal,the row moves to Translating,yes
5c,5,Translate,Update Client,System,automated,automated — fires when the hand-off goes out,Client Updated,Written to the trail when it fails,trail row,fails,,,client status update failed — the page still shows the previous line,no
5c,5,Translate,Update Client,System,automated,automated — fires when the hand-off goes out,Client Updated,Shown to someone when it fails,message,fails,Admin,operator portal,“The client’s status page didn’t update — it still shows the previous step.”,no
5c,5,Translate,Update Client,System,automated,automated — fires when the hand-off goes out,Client Updated,Written to the trail when it works,trail row,works,,,client status — “Your files are with a translator.”,no
5c,5,Translate,Update Client,System,automated,automated — fires when the hand-off goes out,Client Updated,Shown to someone when it works,message,works,Customer,status page,“Your files are with a translator.”,no
5d,5,Translate,Download Originals,Translator,manual,"manual — collects the pack, off-platform",Originals Downloaded,Written to the trail when it fails,trail row,fails,,,"original fetch refused — 410, the folder was swept",yes
5d,5,Translate,Download Originals,Translator,manual,"manual — collects the pack, off-platform",Originals Downloaded,Written to the trail when it fails,trail row,fails,,,"original fetch refused — 401, the session had expired",no
5d,5,Translate,Download Originals,Translator,manual,"manual — collects the pack, off-platform",Originals Downloaded,Written to the trail when it fails,trail row,fails,,,"original fetch refused — 403, a different party asked",no
5d,5,Translate,Download Originals,Translator,manual,"manual — collects the pack, off-platform",Originals Downloaded,Written to the trail when it fails,trail row,fails,,,original fetch failed — storage unreachable,no
5d,5,Translate,Download Originals,Translator,manual,"manual — collects the pack, off-platform",Originals Downloaded,Written to the trail when it fails,trail row,fails,,,original fetch stopped partway,no
5d,5,Translate,Download Originals,Translator,manual,"manual — collects the pack, off-platform",Originals Downloaded,Written to the trail when it fails,trail row,fails,,,original pack build failed — too large to archive,no
5d,5,Translate,Download Originals,Translator,manual,"manual — collects the pack, off-platform",Originals Downloaded,Written to the trail when it fails,trail row,fails,,,original never collected — 48h after hand-off,no
5d,5,Translate,Download Originals,Translator,manual,"manual — collects the pack, off-platform",Originals Downloaded,Written to the trail when it fails,trail row,fails,,,"original still incomplete — 1 of 2, 48h after hand-off",no
5d,5,Translate,Download Originals,Translator,manual,"manual — collects the pack, off-platform",Originals Downloaded,Written to the trail when it fails,trail row,fails,,,"original still incomplete — 1 of 3, 48h after hand-off",no
5d,5,Translate,Download Originals,Translator,manual,"manual — collects the pack, off-platform",Originals Downloaded,Written to the trail when it fails,trail row,fails,,,"original still incomplete — 1 of 4, 48h after hand-off",no
5d,5,Translate,Download Originals,Translator,manual,"manual — collects the pack, off-platform",Originals Downloaded,Written to the trail when it fails,trail row,fails,,,"original still incomplete — 1 of 5, 48h after hand-off",no
5d,5,Translate,Download Originals,Translator,manual,"manual — collects the pack, off-platform",Originals Downloaded,Written to the trail when it fails,trail row,fails,,,"original still incomplete — 2 of 3, 48h after hand-off",no
5d,5,Translate,Download Originals,Translator,manual,"manual — collects the pack, off-platform",Originals Downloaded,Written to the trail when it fails,trail row,fails,,,"original still incomplete — 2 of 4, 48h after hand-off",no
5d,5,Translate,Download Originals,Translator,manual,"manual — collects the pack, off-platform",Originals Downloaded,Written to the trail when it fails,trail row,fails,,,"original still incomplete — 2 of 5, 48h after hand-off",no
5d,5,Translate,Download Originals,Translator,manual,"manual — collects the pack, off-platform",Originals Downloaded,Written to the trail when it fails,trail row,fails,,,"original still incomplete — 3 of 4, 48h after hand-off",no
5d,5,Translate,Download Originals,Translator,manual,"manual — collects the pack, off-platform",Originals Downloaded,Written to the trail when it fails,trail row,fails,,,"original still incomplete — 3 of 5, 48h after hand-off",no
5d,5,Translate,Download Originals,Translator,manual,"manual — collects the pack, off-platform",Originals Downloaded,Written to the trail when it fails,trail row,fails,,,"original still incomplete — 4 of 5, 48h after hand-off",no
5d,5,Translate,Download Originals,Translator,manual,"manual — collects the pack, off-platform",Originals Downloaded,Shown to someone when it fails,message,fails,Translator,operator portal,“That file is no longer available.”,yes
5d,5,Translate,Download Originals,Translator,manual,"manual — collects the pack, off-platform",Originals Downloaded,Shown to someone when it fails,message,fails,Translator,operator portal,“Your session has expired. Please sign in again.”,no
5d,5,Translate,Download Originals,Translator,manual,"manual — collects the pack, off-platform",Originals Downloaded,Shown to someone when it fails,message,fails,Translator,operator portal,“This submission isn’t assigned to you.”,no
5d,5,Translate,Download Originals,Translator,manual,"manual — collects the pack, off-platform",Originals Downloaded,Shown to someone when it fails,message,fails,Translator,operator portal,“We couldn’t reach storage. Please try again in a moment.”,no
5d,5,Translate,Download Originals,Translator,manual,"manual — collects the pack, off-platform",Originals Downloaded,Shown to someone when it fails,message,fails,Translator,operator portal,“That download didn’t finish — try it again.”,no
5d,5,Translate,Download Originals,Translator,manual,"manual — collects the pack, off-platform",Originals Downloaded,Shown to someone when it fails,message,fails,Translator,operator portal,“We couldn’t build the archive. Download the files individually.”,no
5d,5,Translate,Download Originals,Translator,manual,"manual — collects the pack, off-platform",Originals Downloaded,Shown to someone when it fails,message,fails,Admin,operator portal,"“The translator hasn’t collected anything, 48h after hand-off.”",no
5d,5,Translate,Download Originals,Translator,manual,"manual — collects the pack, off-platform",Originals Downloaded,Shown to someone when it fails,message,fails,Admin,operator portal,“The translator has 1 of 2 files.”,no
5d,5,Translate,Download Originals,Translator,manual,"manual — collects the pack, off-platform",Originals Downloaded,Shown to someone when it fails,message,fails,Admin,operator portal,“The translator has 1 of 3 files.”,no
5d,5,Translate,Download Originals,Translator,manual,"manual — collects the pack, off-platform",Originals Downloaded,Shown to someone when it fails,message,fails,Admin,operator portal,“The translator has 1 of 4 files.”,no
5d,5,Translate,Download Originals,Translator,manual,"manual — collects the pack, off-platform",Originals Downloaded,Shown to someone when it fails,message,fails,Admin,operator portal,“The translator has 1 of 5 files.”,no
5d,5,Translate,Download Originals,Translator,manual,"manual — collects the pack, off-platform",Originals Downloaded,Shown to someone when it fails,message,fails,Admin,operator portal,“The translator has 2 of 3 files.”,no
5d,5,Translate,Download Originals,Translator,manual,"manual — collects the pack, off-platform",Originals Downloaded,Shown to someone when it fails,message,fails,Admin,operator portal,“The translator has 2 of 4 files.”,no
5d,5,Translate,Download Originals,Translator,manual,"manual — collects the pack, off-platform",Originals Downloaded,Shown to someone when it fails,message,fails,Admin,operator portal,“The translator has 2 of 5 files.”,no
5d,5,Translate,Download Originals,Translator,manual,"manual — collects the pack, off-platform",Originals Downloaded,Shown to someone when it fails,message,fails,Admin,operator portal,“The translator has 3 of 4 files.”,no
5d,5,Translate,Download Originals,Translator,manual,"manual — collects the pack, off-platform",Originals Downloaded,Shown to someone when it fails,message,fails,Admin,operator portal,“The translator has 3 of 5 files.”,no
5d,5,Translate,Download Originals,Translator,manual,"manual — collects the pack, off-platform",Originals Downloaded,Shown to someone when it fails,message,fails,Admin,operator portal,“The translator has 4 of 5 files.”,no
5d,5,Translate,Download Originals,Translator,manual,"manual — collects the pack, off-platform",Originals Downloaded,Written to the trail when it works,trail row,works,,,original collected — 1 of 1,no
5d,5,Translate,Download Originals,Translator,manual,"manual — collects the pack, off-platform",Originals Downloaded,Written to the trail when it works,trail row,works,,,original collected — 1 of 2,no
5d,5,Translate,Download Originals,Translator,manual,"manual — collects the pack, off-platform",Originals Downloaded,Written to the trail when it works,trail row,works,,,original collected — 1 of 3,no
5d,5,Translate,Download Originals,Translator,manual,"manual — collects the pack, off-platform",Originals Downloaded,Written to the trail when it works,trail row,works,,,original collected — 1 of 4,no
5d,5,Translate,Download Originals,Translator,manual,"manual — collects the pack, off-platform",Originals Downloaded,Written to the trail when it works,trail row,works,,,original collected — 1 of 5,no
5d,5,Translate,Download Originals,Translator,manual,"manual — collects the pack, off-platform",Originals Downloaded,Written to the trail when it works,trail row,works,,,original collected — 2 of 2,no
5d,5,Translate,Download Originals,Translator,manual,"manual — collects the pack, off-platform",Originals Downloaded,Written to the trail when it works,trail row,works,,,original collected — 2 of 3,no
5d,5,Translate,Download Originals,Translator,manual,"manual — collects the pack, off-platform",Originals Downloaded,Written to the trail when it works,trail row,works,,,original collected — 2 of 4,no
5d,5,Translate,Download Originals,Translator,manual,"manual — collects the pack, off-platform",Originals Downloaded,Written to the trail when it works,trail row,works,,,original collected — 2 of 5,no
5d,5,Translate,Download Originals,Translator,manual,"manual — collects the pack, off-platform",Originals Downloaded,Written to the trail when it works,trail row,works,,,original collected — 3 of 3,no
5d,5,Translate,Download Originals,Translator,manual,"manual — collects the pack, off-platform",Originals Downloaded,Written to the trail when it works,trail row,works,,,original collected — 3 of 4,no
5d,5,Translate,Download Originals,Translator,manual,"manual — collects the pack, off-platform",Originals Downloaded,Written to the trail when it works,trail row,works,,,original collected — 3 of 5,no
5d,5,Translate,Download Originals,Translator,manual,"manual — collects the pack, off-platform",Originals Downloaded,Written to the trail when it works,trail row,works,,,original collected — 4 of 4,no
5d,5,Translate,Download Originals,Translator,manual,"manual — collects the pack, off-platform",Originals Downloaded,Written to the trail when it works,trail row,works,,,original collected — 4 of 5,no
5d,5,Translate,Download Originals,Translator,manual,"manual — collects the pack, off-platform",Originals Downloaded,Written to the trail when it works,trail row,works,,,original collected — 5 of 5,no
5d,5,Translate,Download Originals,Translator,manual,"manual — collects the pack, off-platform",Originals Downloaded,Written to the trail when it works,trail row,works,,,original collected in one pack,no
5d,5,Translate,Download Originals,Translator,manual,"manual — collects the pack, off-platform",Originals Downloaded,Shown to someone when it works,message,works,Translator,operator portal,the file downloads,yes
5d,5,Translate,Download Originals,Translator,manual,"manual — collects the pack, off-platform",Originals Downloaded,Shown to someone when it works,message,works,Translator,operator portal,“Your file downloaded — you have the complete set.”,no
5d,5,Translate,Download Originals,Translator,manual,"manual — collects the pack, off-platform",Originals Downloaded,Shown to someone when it works,message,works,Translator,operator portal,“All 2 files downloaded — you have the complete set.”,no
5d,5,Translate,Download Originals,Translator,manual,"manual — collects the pack, off-platform",Originals Downloaded,Shown to someone when it works,message,works,Translator,operator portal,“All 3 files downloaded — you have the complete set.”,no
5d,5,Translate,Download Originals,Translator,manual,"manual — collects the pack, off-platform",Originals Downloaded,Shown to someone when it works,message,works,Translator,operator portal,“All 4 files downloaded — you have the complete set.”,no
5d,5,Translate,Download Originals,Translator,manual,"manual — collects the pack, off-platform",Originals Downloaded,Shown to someone when it works,message,works,Translator,operator portal,“All 5 files downloaded — you have the complete set.”,no
5d,5,Translate,Download Originals,Translator,manual,"manual — collects the pack, off-platform",Originals Downloaded,Shown to someone when it works,message,works,Admin,operator portal,“The translator has started — first file collected.”,no
5d,5,Translate,Download Originals,Translator,manual,"manual — collects the pack, off-platform",Originals Downloaded,Shown to someone when it works,message,works,Admin,operator portal,“The translator has the complete set.”,no
6a,6,Translating,Update Client,System,automated,automated — fires on the translator's first collection,Client Updated,Written to the trail when it fails,trail row,fails,,,client status update failed — the page still shows the previous line,no
6a,6,Translating,Update Client,System,automated,automated — fires on the translator's first collection,Client Updated,Shown to someone when it fails,message,fails,Admin,operator portal,“The client’s status page didn’t update — it still shows the previous step.”,no
6a,6,Translating,Update Client,System,automated,automated — fires on the translator's first collection,Client Updated,Written to the trail when it works,trail row,works,,,client status — “Your files are being translated.”,no
6a,6,Translating,Update Client,System,automated,automated — fires on the translator's first collection,Client Updated,Shown to someone when it works,message,works,Customer,status page,“Your files are being translated.”,no
6b,6,Translating,Upload Translations,Translator,manual,manual — uploads each file against its original,Translations Uploaded,Written to the trail when it fails,trail row,fails,,,intake_translation rejected — over the size limit,no
6b,6,Translating,Upload Translations,Translator,manual,manual — uploads each file against its original,Translations Uploaded,Written to the trail when it fails,trail row,fails,,,intake_translation rejected — file type not supported,no
6b,6,Translating,Upload Translations,Translator,manual,manual — uploads each file against its original,Translations Uploaded,Written to the trail when it fails,trail row,fails,,,intake_translation rejected — the file was empty,no
6b,6,Translating,Upload Translations,Translator,manual,manual — uploads each file against its original,Translations Uploaded,Written to the trail when it fails,trail row,fails,,,intake_translation unmatched — no original to pair it with,no
6b,6,Translating,Upload Translations,Translator,manual,manual — uploads each file against its original,Translations Uploaded,Written to the trail when it fails,trail row,fails,,,intake_translation duplicate — that original already has a translation,no
6b,6,Translating,Upload Translations,Translator,manual,manual — uploads each file against its original,Translations Uploaded,Written to the trail when it fails,trail row,fails,,,intake_translation incomplete — 1 of 2 originals translated,no
6b,6,Translating,Upload Translations,Translator,manual,manual — uploads each file against its original,Translations Uploaded,Written to the trail when it fails,trail row,fails,,,intake_translation incomplete — 1 of 3 originals translated,no
6b,6,Translating,Upload Translations,Translator,manual,manual — uploads each file against its original,Translations Uploaded,Written to the trail when it fails,trail row,fails,,,intake_translation incomplete — 1 of 4 originals translated,no
6b,6,Translating,Upload Translations,Translator,manual,manual — uploads each file against its original,Translations Uploaded,Written to the trail when it fails,trail row,fails,,,intake_translation incomplete — 1 of 5 originals translated,no
6b,6,Translating,Upload Translations,Translator,manual,manual — uploads each file against its original,Translations Uploaded,Written to the trail when it fails,trail row,fails,,,intake_translation incomplete — 2 of 3 originals translated,no
6b,6,Translating,Upload Translations,Translator,manual,manual — uploads each file against its original,Translations Uploaded,Written to the trail when it fails,trail row,fails,,,intake_translation incomplete — 2 of 4 originals translated,no
6b,6,Translating,Upload Translations,Translator,manual,manual — uploads each file against its original,Translations Uploaded,Written to the trail when it fails,trail row,fails,,,intake_translation incomplete — 2 of 5 originals translated,no
6b,6,Translating,Upload Translations,Translator,manual,manual — uploads each file against its original,Translations Uploaded,Written to the trail when it fails,trail row,fails,,,intake_translation incomplete — 3 of 4 originals translated,no
6b,6,Translating,Upload Translations,Translator,manual,manual — uploads each file against its original,Translations Uploaded,Written to the trail when it fails,trail row,fails,,,intake_translation incomplete — 3 of 5 originals translated,no
6b,6,Translating,Upload Translations,Translator,manual,manual — uploads each file against its original,Translations Uploaded,Written to the trail when it fails,trail row,fails,,,intake_translation incomplete — 4 of 5 originals translated,no
6b,6,Translating,Upload Translations,Translator,manual,manual — uploads each file against its original,Translations Uploaded,Shown to someone when it fails,message,fails,Translator,operator portal,"“That file was rejected — too large, wrong type, or empty.”",no
6b,6,Translating,Upload Translations,Translator,manual,manual — uploads each file against its original,Translations Uploaded,Shown to someone when it fails,message,fails,Translator,operator portal,“That file doesn’t match any original.”,no
6b,6,Translating,Upload Translations,Translator,manual,manual — uploads each file against its original,Translations Uploaded,Shown to someone when it fails,message,fails,Translator,operator portal,“That original already has a translation.”,no
6b,6,Translating,Upload Translations,Translator,manual,manual — uploads each file against its original,Translations Uploaded,Shown to someone when it fails,message,fails,Translator,operator portal,“1 of 2 originals still need a translation.”,no
6b,6,Translating,Upload Translations,Translator,manual,manual — uploads each file against its original,Translations Uploaded,Shown to someone when it fails,message,fails,Translator,operator portal,“1 of 3 originals still need a translation.”,no
6b,6,Translating,Upload Translations,Translator,manual,manual — uploads each file against its original,Translations Uploaded,Shown to someone when it fails,message,fails,Translator,operator portal,“1 of 4 originals still need a translation.”,no
6b,6,Translating,Upload Translations,Translator,manual,manual — uploads each file against its original,Translations Uploaded,Shown to someone when it fails,message,fails,Translator,operator portal,“1 of 5 originals still need a translation.”,no
6b,6,Translating,Upload Translations,Translator,manual,manual — uploads each file against its original,Translations Uploaded,Shown to someone when it fails,message,fails,Translator,operator portal,“2 of 3 originals still need a translation.”,no
6b,6,Translating,Upload Translations,Translator,manual,manual — uploads each file against its original,Translations Uploaded,Shown to someone when it fails,message,fails,Translator,operator portal,“2 of 4 originals still need a translation.”,no
6b,6,Translating,Upload Translations,Translator,manual,manual — uploads each file against its original,Translations Uploaded,Shown to someone when it fails,message,fails,Translator,operator portal,“2 of 5 originals still need a translation.”,no
6b,6,Translating,Upload Translations,Translator,manual,manual — uploads each file against its original,Translations Uploaded,Shown to someone when it fails,message,fails,Translator,operator portal,“3 of 4 originals still need a translation.”,no
6b,6,Translating,Upload Translations,Translator,manual,manual — uploads each file against its original,Translations Uploaded,Shown to someone when it fails,message,fails,Translator,operator portal,“3 of 5 originals still need a translation.”,no
6b,6,Translating,Upload Translations,Translator,manual,manual — uploads each file against its original,Translations Uploaded,Shown to someone when it fails,message,fails,Translator,operator portal,“4 of 5 originals still need a translation.”,no
6b,6,Translating,Upload Translations,Translator,manual,manual — uploads each file against its original,Translations Uploaded,Shown to someone when it fails,message,fails,Admin,operator portal,“1 of 2 originals have a translation.”,no
6b,6,Translating,Upload Translations,Translator,manual,manual — uploads each file against its original,Translations Uploaded,Shown to someone when it fails,message,fails,Admin,operator portal,“1 of 3 originals have a translation.”,no
6b,6,Translating,Upload Translations,Translator,manual,manual — uploads each file against its original,Translations Uploaded,Shown to someone when it fails,message,fails,Admin,operator portal,“1 of 4 originals have a translation.”,no
6b,6,Translating,Upload Translations,Translator,manual,manual — uploads each file against its original,Translations Uploaded,Shown to someone when it fails,message,fails,Admin,operator portal,“1 of 5 originals have a translation.”,no
6b,6,Translating,Upload Translations,Translator,manual,manual — uploads each file against its original,Translations Uploaded,Shown to someone when it fails,message,fails,Admin,operator portal,“2 of 3 originals have a translation.”,no
6b,6,Translating,Upload Translations,Translator,manual,manual — uploads each file against its original,Translations Uploaded,Shown to someone when it fails,message,fails,Admin,operator portal,“2 of 4 originals have a translation.”,no
6b,6,Translating,Upload Translations,Translator,manual,manual — uploads each file against its original,Translations Uploaded,Shown to someone when it fails,message,fails,Admin,operator portal,“2 of 5 originals have a translation.”,no
6b,6,Translating,Upload Translations,Translator,manual,manual — uploads each file against its original,Translations Uploaded,Shown to someone when it fails,message,fails,Admin,operator portal,“3 of 4 originals have a translation.”,no
6b,6,Translating,Upload Translations,Translator,manual,manual — uploads each file against its original,Translations Uploaded,Shown to someone when it fails,message,fails,Admin,operator portal,“3 of 5 originals have a translation.”,no
6b,6,Translating,Upload Translations,Translator,manual,manual — uploads each file against its original,Translations Uploaded,Shown to someone when it fails,message,fails,Admin,operator portal,“4 of 5 originals have a translation.”,no
6b,6,Translating,Upload Translations,Translator,manual,manual — uploads each file against its original,Translations Uploaded,Written to the trail when it works,trail row,works,,,files attached — 1 intake_translation,no
6b,6,Translating,Upload Translations,Translator,manual,manual — uploads each file against its original,Translations Uploaded,Written to the trail when it works,trail row,works,,,files attached — 2 intake_translation,no
6b,6,Translating,Upload Translations,Translator,manual,manual — uploads each file against its original,Translations Uploaded,Written to the trail when it works,trail row,works,,,files attached — 3 intake_translation,no
6b,6,Translating,Upload Translations,Translator,manual,manual — uploads each file against its original,Translations Uploaded,Written to the trail when it works,trail row,works,,,files attached — 4 intake_translation,no
6b,6,Translating,Upload Translations,Translator,manual,manual — uploads each file against its original,Translations Uploaded,Written to the trail when it works,trail row,works,,,files attached — 5 intake_translation,no
6b,6,Translating,Upload Translations,Translator,manual,manual — uploads each file against its original,Translations Uploaded,Written to the trail when it works,trail row,works,,,intake_translation paired to its original — 1 of 1,no
6b,6,Translating,Upload Translations,Translator,manual,manual — uploads each file against its original,Translations Uploaded,Written to the trail when it works,trail row,works,,,intake_translation paired to its original — 1 of 2,no
6b,6,Translating,Upload Translations,Translator,manual,manual — uploads each file against its original,Translations Uploaded,Written to the trail when it works,trail row,works,,,intake_translation paired to its original — 1 of 3,no
6b,6,Translating,Upload Translations,Translator,manual,manual — uploads each file against its original,Translations Uploaded,Written to the trail when it works,trail row,works,,,intake_translation paired to its original — 1 of 4,no
6b,6,Translating,Upload Translations,Translator,manual,manual — uploads each file against its original,Translations Uploaded,Written to the trail when it works,trail row,works,,,intake_translation paired to its original — 1 of 5,no
6b,6,Translating,Upload Translations,Translator,manual,manual — uploads each file against its original,Translations Uploaded,Written to the trail when it works,trail row,works,,,intake_translation paired to its original — 2 of 2,no
6b,6,Translating,Upload Translations,Translator,manual,manual — uploads each file against its original,Translations Uploaded,Written to the trail when it works,trail row,works,,,intake_translation paired to its original — 2 of 3,no
6b,6,Translating,Upload Translations,Translator,manual,manual — uploads each file against its original,Translations Uploaded,Written to the trail when it works,trail row,works,,,intake_translation paired to its original — 2 of 4,no
6b,6,Translating,Upload Translations,Translator,manual,manual — uploads each file against its original,Translations Uploaded,Written to the trail when it works,trail row,works,,,intake_translation paired to its original — 2 of 5,no
6b,6,Translating,Upload Translations,Translator,manual,manual — uploads each file against its original,Translations Uploaded,Written to the trail when it works,trail row,works,,,intake_translation paired to its original — 3 of 3,no
6b,6,Translating,Upload Translations,Translator,manual,manual — uploads each file against its original,Translations Uploaded,Written to the trail when it works,trail row,works,,,intake_translation paired to its original — 3 of 4,no
6b,6,Translating,Upload Translations,Translator,manual,manual — uploads each file against its original,Translations Uploaded,Written to the trail when it works,trail row,works,,,intake_translation paired to its original — 3 of 5,no
6b,6,Translating,Upload Translations,Translator,manual,manual — uploads each file against its original,Translations Uploaded,Written to the trail when it works,trail row,works,,,intake_translation paired to its original — 4 of 4,no
6b,6,Translating,Upload Translations,Translator,manual,manual — uploads each file against its original,Translations Uploaded,Written to the trail when it works,trail row,works,,,intake_translation paired to its original — 4 of 5,no
6b,6,Translating,Upload Translations,Translator,manual,manual — uploads each file against its original,Translations Uploaded,Written to the trail when it works,trail row,works,,,intake_translation paired to its original — 5 of 5,no
6b,6,Translating,Upload Translations,Translator,manual,manual — uploads each file against its original,Translations Uploaded,Shown to someone when it works,message,works,Translator,operator portal,the file appears beside the original it translates,no
6b,6,Translating,Upload Translations,Translator,manual,manual — uploads each file against its original,Translations Uploaded,Shown to someone when it works,message,works,Admin,operator portal,“Every original has a translation.”,no
6b,6,Translating,Upload Translations,Translator,manual,manual — uploads each file against its original,Translations Uploaded,Shown to someone when it works,message,works,Translator,operator portal,“All 1 translated.”,no
6b,6,Translating,Upload Translations,Translator,manual,manual — uploads each file against its original,Translations Uploaded,Shown to someone when it works,message,works,Translator,operator portal,“All 2 translated.”,no
6b,6,Translating,Upload Translations,Translator,manual,manual — uploads each file against its original,Translations Uploaded,Shown to someone when it works,message,works,Translator,operator portal,“All 3 translated.”,no
6b,6,Translating,Upload Translations,Translator,manual,manual — uploads each file against its original,Translations Uploaded,Shown to someone when it works,message,works,Translator,operator portal,“All 4 translated.”,no
6b,6,Translating,Upload Translations,Translator,manual,manual — uploads each file against its original,Translations Uploaded,Shown to someone when it works,message,works,Translator,operator portal,“All 5 translated.”,no
7a,7,Translated,Inform Admin,System,automated,automated — fires when the last translation lands,Admin Informed,Written to the trail when it fails,trail row,fails,,,④ translated → Admin failed,no
7a,7,Translated,Inform Admin,System,automated,automated — fires when the last translation lands,Admin Informed,Written to the trail when it fails,trail row,fails,,,④ translated → Admin bounced — hard,no
7a,7,Translated,Inform Admin,System,automated,automated — fires when the last translation lands,Admin Informed,Written to the trail when it fails,trail row,fails,,,④ translated → Admin bounced — soft,no
7a,7,Translated,Inform Admin,System,automated,automated — fires when the last translation lands,Admin Informed,Written to the trail when it fails,trail row,fails,,,④ translated → Admin bounced,no
7a,7,Translated,Inform Admin,System,automated,automated — fires when the last translation lands,Admin Informed,Written to the trail when it fails,trail row,fails,,,④ translated → Admin complained,no
7a,7,Translated,Inform Admin,System,automated,automated — fires when the last translation lands,Admin Informed,Shown to someone when it fails,message,fails,Admin,operator portal,a banner on the row — “The translation notice bounced.”,no
7a,7,Translated,Inform Admin,System,automated,automated — fires when the last translation lands,Admin Informed,Written to the trail when it works,trail row,works,,,④ translated → Admin,no
7a,7,Translated,Inform Admin,System,automated,automated — fires when the last translation lands,Admin Informed,Written to the trail when it works,trail row,works,,,④ translated → Admin delivered,no
7a,7,Translated,Inform Admin,System,automated,automated — fires when the last translation lands,Admin Informed,Shown to someone when it works,message,works,Admin,email,④ the translations are back,no
7b,7,Translated,Inform Translator,System,automated,automated — fires when the last translation lands,Translator Informed,Written to the trail when it fails,trail row,fails,,,④ received → translator failed,no
7b,7,Translated,Inform Translator,System,automated,automated — fires when the last translation lands,Translator Informed,Written to the trail when it fails,trail row,fails,,,④ received → translator bounced — hard,no
7b,7,Translated,Inform Translator,System,automated,automated — fires when the last translation lands,Translator Informed,Written to the trail when it fails,trail row,fails,,,④ received → translator bounced — soft,no
7b,7,Translated,Inform Translator,System,automated,automated — fires when the last translation lands,Translator Informed,Written to the trail when it fails,trail row,fails,,,④ received → translator bounced,no
7b,7,Translated,Inform Translator,System,automated,automated — fires when the last translation lands,Translator Informed,Written to the trail when it fails,trail row,fails,,,④ received → translator complained,no
7b,7,Translated,Inform Translator,System,automated,automated — fires when the last translation lands,Translator Informed,Shown to someone when it fails,message,fails,Admin,operator portal,a banner on the row — “The translator’s receipt bounced. They don’t know the translations arrived.”,no
7b,7,Translated,Inform Translator,System,automated,automated — fires when the last translation lands,Translator Informed,Written to the trail when it works,trail row,works,,,④ received → translator,no
7b,7,Translated,Inform Translator,System,automated,automated — fires when the last translation lands,Translator Informed,Written to the trail when it works,trail row,works,,,④ received → translator delivered,no
7b,7,Translated,Inform Translator,System,automated,automated — fires when the last translation lands,Translator Informed,Shown to someone when it works,message,works,Translator,email,④ we have your translations,no
7c,7,Translated,Assess Translations,Admin,manual,"manual — approves or returns, and picks which set the coach gets",Translations Assessed,Written to the trail when it fails,trail row,fails,,,④ approved → translator failed,no
7c,7,Translated,Assess Translations,Admin,manual,"manual — approves or returns, and picks which set the coach gets",Translations Assessed,Written to the trail when it fails,trail row,fails,,,④ approved → translator bounced — hard,no
7c,7,Translated,Assess Translations,Admin,manual,"manual — approves or returns, and picks which set the coach gets",Translations Assessed,Written to the trail when it fails,trail row,fails,,,④ approved → translator bounced — soft,no
7c,7,Translated,Assess Translations,Admin,manual,"manual — approves or returns, and picks which set the coach gets",Translations Assessed,Written to the trail when it fails,trail row,fails,,,④ approved → translator bounced,no
7c,7,Translated,Assess Translations,Admin,manual,"manual — approves or returns, and picks which set the coach gets",Translations Assessed,Written to the trail when it fails,trail row,fails,,,④ approved → translator complained,no
7c,7,Translated,Assess Translations,Admin,manual,"manual — approves or returns, and picks which set the coach gets",Translations Assessed,Written to the trail when it fails,trail row,fails,,,④ returned → translator failed,no
7c,7,Translated,Assess Translations,Admin,manual,"manual — approves or returns, and picks which set the coach gets",Translations Assessed,Written to the trail when it fails,trail row,fails,,,④ returned → translator bounced — hard,no
7c,7,Translated,Assess Translations,Admin,manual,"manual — approves or returns, and picks which set the coach gets",Translations Assessed,Written to the trail when it fails,trail row,fails,,,④ returned → translator bounced — soft,no
7c,7,Translated,Assess Translations,Admin,manual,"manual — approves or returns, and picks which set the coach gets",Translations Assessed,Written to the trail when it fails,trail row,fails,,,④ returned → translator bounced,no
7c,7,Translated,Assess Translations,Admin,manual,"manual — approves or returns, and picks which set the coach gets",Translations Assessed,Written to the trail when it fails,trail row,fails,,,④ returned → translator complained,no
7c,7,Translated,Assess Translations,Admin,manual,"manual — approves or returns, and picks which set the coach gets",Translations Assessed,Shown to someone when it fails,message,fails,Admin,operator portal,“There’s nothing in the translated folder to assess.”,no
7c,7,Translated,Assess Translations,Admin,manual,"manual — approves or returns, and picks which set the coach gets",Translations Assessed,Shown to someone when it fails,message,fails,Admin,operator portal,“Say why it’s going back — the translator only gets what you write here.”,no
7c,7,Translated,Assess Translations,Admin,manual,"manual — approves or returns, and picks which set the coach gets",Translations Assessed,Shown to someone when it fails,message,fails,Admin,operator portal,“Choose which set the coach receives.”,no
7c,7,Translated,Assess Translations,Admin,manual,"manual — approves or returns, and picks which set the coach gets",Translations Assessed,Shown to someone when it fails,message,fails,Admin,operator portal,“That didn’t go through — try again.”,no
7c,7,Translated,Assess Translations,Admin,manual,"manual — approves or returns, and picks which set the coach gets",Translations Assessed,Written to the trail when it works,trail row,works,,,hand-off set chosen — originals,no
7c,7,Translated,Assess Translations,Admin,manual,"manual — approves or returns, and picks which set the coach gets",Translations Assessed,Written to the trail when it works,trail row,works,,,hand-off set chosen — translations,no
7c,7,Translated,Assess Translations,Admin,manual,"manual — approves or returns, and picks which set the coach gets",Translations Assessed,Written to the trail when it works,trail row,works,,,hand-off set chosen — both,no
7c,7,Translated,Assess Translations,Admin,manual,"manual — approves or returns, and picks which set the coach gets",Translations Assessed,Written to the trail when it works,trail row,works,,,translations approved — every original covered. Proceeding to Step 8,no
7c,7,Translated,Assess Translations,Admin,manual,"manual — approves or returns, and picks which set the coach gets",Translations Assessed,Written to the trail when it works,trail row,works,,,translations rejected — sent back for rework. Returning to Step 6,no
7c,7,Translated,Assess Translations,Admin,manual,"manual — approves or returns, and picks which set the coach gets",Translations Assessed,Written to the trail when it works,trail row,works,,,④ approved → translator,no
7c,7,Translated,Assess Translations,Admin,manual,"manual — approves or returns, and picks which set the coach gets",Translations Assessed,Written to the trail when it works,trail row,works,,,④ approved → translator delivered,no
7c,7,Translated,Assess Translations,Admin,manual,"manual — approves or returns, and picks which set the coach gets",Translations Assessed,Written to the trail when it works,trail row,works,,,④ returned → translator,no
7c,7,Translated,Assess Translations,Admin,manual,"manual — approves or returns, and picks which set the coach gets",Translations Assessed,Written to the trail when it works,trail row,works,,,④ returned → translator delivered,no
7c,7,Translated,Assess Translations,Admin,manual,"manual — approves or returns, and picks which set the coach gets",Translations Assessed,Shown to someone when it works,message,works,Admin,operator portal,“Approved — moving to Step 8.”,no
7c,7,Translated,Assess Translations,Admin,manual,"manual — approves or returns, and picks which set the coach gets",Translations Assessed,Shown to someone when it works,message,works,Admin,operator portal,“Returned for rework — back to Step 6.”,no
7c,7,Translated,Assess Translations,Admin,manual,"manual — approves or returns, and picks which set the coach gets",Translations Assessed,Shown to someone when it works,message,works,Translator,email,④ your translation was approved,no
7c,7,Translated,Assess Translations,Admin,manual,"manual — approves or returns, and picks which set the coach gets",Translations Assessed,Shown to someone when it works,message,works,Translator,email,"④ your translation was returned, with the reason",no
7c,7,Translated,Assess Translations,Admin,manual,"manual — approves or returns, and picks which set the coach gets",Translations Assessed,Shown to someone when it works,message,works,Translator,operator portal,“This came back — see the note and re-upload.”,no
8a,8,Sent,Update Client,System,automated,automated — fires only when arriving from step 7; untranslated submissions skip it,Client Updated,Written to the trail when it fails,trail row,fails,,,client status update failed — the page still shows the previous line,no
8a,8,Sent,Update Client,System,automated,automated — fires only when arriving from step 7; untranslated submissions skip it,Client Updated,Shown to someone when it fails,message,fails,Admin,operator portal,“The client’s status page didn’t update — it still shows the previous step.”,no
8a,8,Sent,Update Client,System,automated,automated — fires only when arriving from step 7; untranslated submissions skip it,Client Updated,Written to the trail when it works,trail row,works,,,client status — “Your files have been translated.”,no
8a,8,Sent,Update Client,System,automated,automated — fires only when arriving from step 7; untranslated submissions skip it,Client Updated,Shown to someone when it works,message,works,Customer,status page,“Your files have been translated.”,no
8b,8,Sent,Inform Coach,System,automated,automated — fires on arrival at Sent; the set was chosen at 7c,Coach Informed,Written to the trail when it fails,trail row,fails,,,③ hand-off → coach failed,yes
8b,8,Sent,Inform Coach,System,automated,automated — fires on arrival at Sent; the set was chosen at 7c,Coach Informed,Written to the trail when it fails,trail row,fails,,,③ hand-off → coach bounced — hard,yes
8b,8,Sent,Inform Coach,System,automated,automated — fires on arrival at Sent; the set was chosen at 7c,Coach Informed,Written to the trail when it fails,trail row,fails,,,③ hand-off → coach bounced — soft,yes
8b,8,Sent,Inform Coach,System,automated,automated — fires on arrival at Sent; the set was chosen at 7c,Coach Informed,Written to the trail when it fails,trail row,fails,,,③ hand-off → coach bounced,yes
8b,8,Sent,Inform Coach,System,automated,automated — fires on arrival at Sent; the set was chosen at 7c,Coach Informed,Written to the trail when it fails,trail row,fails,,,③ hand-off → coach complained,yes
8b,8,Sent,Inform Coach,System,automated,automated — fires on arrival at Sent; the set was chosen at 7c,Coach Informed,Shown to someone when it fails,message,fails,Admin,operator portal,“The coach never received this — they don’t know they have work.”,no
8b,8,Sent,Inform Coach,System,automated,automated — fires on arrival at Sent; the set was chosen at 7c,Coach Informed,Written to the trail when it works,trail row,works,,,③ hand-off → coach,yes
8b,8,Sent,Inform Coach,System,automated,automated — fires on arrival at Sent; the set was chosen at 7c,Coach Informed,Written to the trail when it works,trail row,works,,,③ hand-off → coach delivered,yes
8b,8,Sent,Inform Coach,System,automated,automated — fires on arrival at Sent; the set was chosen at 7c,Coach Informed,Shown to someone when it works,message,works,Coach,email,"③ the hand-off, with a download link per file",yes
8b,8,Sent,Inform Coach,System,automated,automated — fires on arrival at Sent; the set was chosen at 7c,Coach Informed,Shown to someone when it works,message,works,Admin,operator portal,the set that was sent is recorded against the submission,no
8c,8,Sent,Coach Downloads,Coach,manual,manual — collects the pack,Coach Downloaded,Written to the trail when it fails,trail row,fails,,,"coach fetch refused — 410, the folder was swept",yes
8c,8,Sent,Coach Downloads,Coach,manual,manual — collects the pack,Coach Downloaded,Written to the trail when it fails,trail row,fails,,,"coach fetch refused — 401, the session had expired",no
8c,8,Sent,Coach Downloads,Coach,manual,manual — collects the pack,Coach Downloaded,Written to the trail when it fails,trail row,fails,,,"coach fetch refused — 403, a different party asked",no
8c,8,Sent,Coach Downloads,Coach,manual,manual — collects the pack,Coach Downloaded,Written to the trail when it fails,trail row,fails,,,coach fetch failed — storage unreachable,no
8c,8,Sent,Coach Downloads,Coach,manual,manual — collects the pack,Coach Downloaded,Written to the trail when it fails,trail row,fails,,,coach fetch stopped partway,no
8c,8,Sent,Coach Downloads,Coach,manual,manual — collects the pack,Coach Downloaded,Written to the trail when it fails,trail row,fails,,,coach pack build failed — too large to archive,no
8c,8,Sent,Coach Downloads,Coach,manual,manual — collects the pack,Coach Downloaded,Written to the trail when it fails,trail row,fails,,,coach never collected — 48h after hand-off,no
8c,8,Sent,Coach Downloads,Coach,manual,manual — collects the pack,Coach Downloaded,Written to the trail when it fails,trail row,fails,,,"coach still incomplete — 1 of 2, 48h after hand-off",no
8c,8,Sent,Coach Downloads,Coach,manual,manual — collects the pack,Coach Downloaded,Written to the trail when it fails,trail row,fails,,,"coach still incomplete — 1 of 3, 48h after hand-off",no
8c,8,Sent,Coach Downloads,Coach,manual,manual — collects the pack,Coach Downloaded,Written to the trail when it fails,trail row,fails,,,"coach still incomplete — 1 of 4, 48h after hand-off",no
8c,8,Sent,Coach Downloads,Coach,manual,manual — collects the pack,Coach Downloaded,Written to the trail when it fails,trail row,fails,,,"coach still incomplete — 1 of 5, 48h after hand-off",no
8c,8,Sent,Coach Downloads,Coach,manual,manual — collects the pack,Coach Downloaded,Written to the trail when it fails,trail row,fails,,,"coach still incomplete — 2 of 3, 48h after hand-off",no
8c,8,Sent,Coach Downloads,Coach,manual,manual — collects the pack,Coach Downloaded,Written to the trail when it fails,trail row,fails,,,"coach still incomplete — 2 of 4, 48h after hand-off",no
8c,8,Sent,Coach Downloads,Coach,manual,manual — collects the pack,Coach Downloaded,Written to the trail when it fails,trail row,fails,,,"coach still incomplete — 2 of 5, 48h after hand-off",no
8c,8,Sent,Coach Downloads,Coach,manual,manual — collects the pack,Coach Downloaded,Written to the trail when it fails,trail row,fails,,,"coach still incomplete — 3 of 4, 48h after hand-off",no
8c,8,Sent,Coach Downloads,Coach,manual,manual — collects the pack,Coach Downloaded,Written to the trail when it fails,trail row,fails,,,"coach still incomplete — 3 of 5, 48h after hand-off",no
8c,8,Sent,Coach Downloads,Coach,manual,manual — collects the pack,Coach Downloaded,Written to the trail when it fails,trail row,fails,,,"coach still incomplete — 4 of 5, 48h after hand-off",no
8c,8,Sent,Coach Downloads,Coach,manual,manual — collects the pack,Coach Downloaded,Shown to someone when it fails,message,fails,Coach,operator portal,“That file is no longer available.”,yes
8c,8,Sent,Coach Downloads,Coach,manual,manual — collects the pack,Coach Downloaded,Shown to someone when it fails,message,fails,Coach,operator portal,“Your session has expired. Please sign in again.”,no
8c,8,Sent,Coach Downloads,Coach,manual,manual — collects the pack,Coach Downloaded,Shown to someone when it fails,message,fails,Coach,operator portal,“This submission isn’t assigned to you.”,no
8c,8,Sent,Coach Downloads,Coach,manual,manual — collects the pack,Coach Downloaded,Shown to someone when it fails,message,fails,Coach,operator portal,“We couldn’t reach storage. Please try again in a moment.”,no
8c,8,Sent,Coach Downloads,Coach,manual,manual — collects the pack,Coach Downloaded,Shown to someone when it fails,message,fails,Coach,operator portal,“That download didn’t finish — try it again.”,no
8c,8,Sent,Coach Downloads,Coach,manual,manual — collects the pack,Coach Downloaded,Shown to someone when it fails,message,fails,Coach,operator portal,“We couldn’t build the archive. Download the files individually.”,no
8c,8,Sent,Coach Downloads,Coach,manual,manual — collects the pack,Coach Downloaded,Shown to someone when it fails,message,fails,Admin,operator portal,"“The coach hasn’t collected anything, 48h after hand-off.”",no
8c,8,Sent,Coach Downloads,Coach,manual,manual — collects the pack,Coach Downloaded,Shown to someone when it fails,message,fails,Admin,operator portal,“The coach has 1 of 2 files.”,no
8c,8,Sent,Coach Downloads,Coach,manual,manual — collects the pack,Coach Downloaded,Shown to someone when it fails,message,fails,Admin,operator portal,“The coach has 1 of 3 files.”,no
8c,8,Sent,Coach Downloads,Coach,manual,manual — collects the pack,Coach Downloaded,Shown to someone when it fails,message,fails,Admin,operator portal,“The coach has 1 of 4 files.”,no
8c,8,Sent,Coach Downloads,Coach,manual,manual — collects the pack,Coach Downloaded,Shown to someone when it fails,message,fails,Admin,operator portal,“The coach has 1 of 5 files.”,no
8c,8,Sent,Coach Downloads,Coach,manual,manual — collects the pack,Coach Downloaded,Shown to someone when it fails,message,fails,Admin,operator portal,“The coach has 2 of 3 files.”,no
8c,8,Sent,Coach Downloads,Coach,manual,manual — collects the pack,Coach Downloaded,Shown to someone when it fails,message,fails,Admin,operator portal,“The coach has 2 of 4 files.”,no
8c,8,Sent,Coach Downloads,Coach,manual,manual — collects the pack,Coach Downloaded,Shown to someone when it fails,message,fails,Admin,operator portal,“The coach has 2 of 5 files.”,no
8c,8,Sent,Coach Downloads,Coach,manual,manual — collects the pack,Coach Downloaded,Shown to someone when it fails,message,fails,Admin,operator portal,“The coach has 3 of 4 files.”,no
8c,8,Sent,Coach Downloads,Coach,manual,manual — collects the pack,Coach Downloaded,Shown to someone when it fails,message,fails,Admin,operator portal,“The coach has 3 of 5 files.”,no
8c,8,Sent,Coach Downloads,Coach,manual,manual — collects the pack,Coach Downloaded,Shown to someone when it fails,message,fails,Admin,operator portal,“The coach has 4 of 5 files.”,no
8c,8,Sent,Coach Downloads,Coach,manual,manual — collects the pack,Coach Downloaded,Written to the trail when it works,trail row,works,,,coach collected — 1 of 1,no
8c,8,Sent,Coach Downloads,Coach,manual,manual — collects the pack,Coach Downloaded,Written to the trail when it works,trail row,works,,,coach collected — 1 of 2,no
8c,8,Sent,Coach Downloads,Coach,manual,manual — collects the pack,Coach Downloaded,Written to the trail when it works,trail row,works,,,coach collected — 1 of 3,no
8c,8,Sent,Coach Downloads,Coach,manual,manual — collects the pack,Coach Downloaded,Written to the trail when it works,trail row,works,,,coach collected — 1 of 4,no
8c,8,Sent,Coach Downloads,Coach,manual,manual — collects the pack,Coach Downloaded,Written to the trail when it works,trail row,works,,,coach collected — 1 of 5,no
8c,8,Sent,Coach Downloads,Coach,manual,manual — collects the pack,Coach Downloaded,Written to the trail when it works,trail row,works,,,coach collected — 2 of 2,no
8c,8,Sent,Coach Downloads,Coach,manual,manual — collects the pack,Coach Downloaded,Written to the trail when it works,trail row,works,,,coach collected — 2 of 3,no
8c,8,Sent,Coach Downloads,Coach,manual,manual — collects the pack,Coach Downloaded,Written to the trail when it works,trail row,works,,,coach collected — 2 of 4,no
8c,8,Sent,Coach Downloads,Coach,manual,manual — collects the pack,Coach Downloaded,Written to the trail when it works,trail row,works,,,coach collected — 2 of 5,no
8c,8,Sent,Coach Downloads,Coach,manual,manual — collects the pack,Coach Downloaded,Written to the trail when it works,trail row,works,,,coach collected — 3 of 3,no
8c,8,Sent,Coach Downloads,Coach,manual,manual — collects the pack,Coach Downloaded,Written to the trail when it works,trail row,works,,,coach collected — 3 of 4,no
8c,8,Sent,Coach Downloads,Coach,manual,manual — collects the pack,Coach Downloaded,Written to the trail when it works,trail row,works,,,coach collected — 3 of 5,no
8c,8,Sent,Coach Downloads,Coach,manual,manual — collects the pack,Coach Downloaded,Written to the trail when it works,trail row,works,,,coach collected — 4 of 4,no
8c,8,Sent,Coach Downloads,Coach,manual,manual — collects the pack,Coach Downloaded,Written to the trail when it works,trail row,works,,,coach collected — 4 of 5,no
8c,8,Sent,Coach Downloads,Coach,manual,manual — collects the pack,Coach Downloaded,Written to the trail when it works,trail row,works,,,coach collected — 5 of 5,no
8c,8,Sent,Coach Downloads,Coach,manual,manual — collects the pack,Coach Downloaded,Written to the trail when it works,trail row,works,,,coach collected in one pack,no
8c,8,Sent,Coach Downloads,Coach,manual,manual — collects the pack,Coach Downloaded,Shown to someone when it works,message,works,Coach,operator portal,the file downloads,yes
8c,8,Sent,Coach Downloads,Coach,manual,manual — collects the pack,Coach Downloaded,Shown to someone when it works,message,works,Coach,operator portal,“Your file downloaded — you have the complete set.”,no
8c,8,Sent,Coach Downloads,Coach,manual,manual — collects the pack,Coach Downloaded,Shown to someone when it works,message,works,Coach,operator portal,“All 2 files downloaded — you have the complete set.”,no
8c,8,Sent,Coach Downloads,Coach,manual,manual — collects the pack,Coach Downloaded,Shown to someone when it works,message,works,Coach,operator portal,“All 3 files downloaded — you have the complete set.”,no
8c,8,Sent,Coach Downloads,Coach,manual,manual — collects the pack,Coach Downloaded,Shown to someone when it works,message,works,Coach,operator portal,“All 4 files downloaded — you have the complete set.”,no
8c,8,Sent,Coach Downloads,Coach,manual,manual — collects the pack,Coach Downloaded,Shown to someone when it works,message,works,Coach,operator portal,“All 5 files downloaded — you have the complete set.”,no
8c,8,Sent,Coach Downloads,Coach,manual,manual — collects the pack,Coach Downloaded,Shown to someone when it works,message,works,Admin,operator portal,“The coach has started — first file collected.”,no
8c,8,Sent,Coach Downloads,Coach,manual,manual — collects the pack,Coach Downloaded,Shown to someone when it works,message,works,Admin,operator portal,“The coach has the complete set.”,no
8c,8,Sent,Coach Downloads,Coach,manual,manual — collects the pack,Coach Downloaded,Shown to someone when it works,message,works,Admin,email,⑤ picked up — the coach has it,yes
9a,9,Reviewing,Update Client,System,automated,automated — fires on the coach's first collection,Client Updated,Written to the trail when it fails,trail row,fails,,,client status update failed — the page still shows the previous line,no
9a,9,Reviewing,Update Client,System,automated,automated — fires on the coach's first collection,Client Updated,Shown to someone when it fails,message,fails,Admin,operator portal,“The client’s status page didn’t update — it still shows the previous step.”,no
9a,9,Reviewing,Update Client,System,automated,automated — fires on the coach's first collection,Client Updated,Written to the trail when it works,trail row,works,,,client status — “Your coach is writing your feedback.”,no
9a,9,Reviewing,Update Client,System,automated,automated — fires on the coach's first collection,Client Updated,Shown to someone when it works,message,works,Customer,status page,“Your coach is writing your feedback.”,no
9b,9,Reviewing,Upload Feedback,Coach,manual,manual — uploads their feedback,Feedback Uploaded,Written to the trail when it fails,trail row,fails,,,feedback rejected — over the size limit,no
9b,9,Reviewing,Upload Feedback,Coach,manual,manual — uploads their feedback,Feedback Uploaded,Written to the trail when it fails,trail row,fails,,,feedback rejected — file type not supported,no
9b,9,Reviewing,Upload Feedback,Coach,manual,manual — uploads their feedback,Feedback Uploaded,Written to the trail when it fails,trail row,fails,,,feedback rejected — the file was empty,no
9b,9,Reviewing,Upload Feedback,Coach,manual,manual — uploads their feedback,Feedback Uploaded,Written to the trail when it fails,trail row,fails,,,feedback rejected — over the file-count limit,no
9b,9,Reviewing,Upload Feedback,Coach,manual,manual — uploads their feedback,Feedback Uploaded,Written to the trail when it fails,trail row,fails,,,feedback upload stopped partway,no
9b,9,Reviewing,Upload Feedback,Coach,manual,manual — uploads their feedback,Feedback Uploaded,Written to the trail when it fails,trail row,fails,,,feedback upload failed — storage unreachable,no
9b,9,Reviewing,Upload Feedback,Coach,manual,manual — uploads their feedback,Feedback Uploaded,Written to the trail when it fails,trail row,fails,,,feedback never uploaded — 7 days after hand-off,no
9b,9,Reviewing,Upload Feedback,Coach,manual,manual — uploads their feedback,Feedback Uploaded,Shown to someone when it fails,message,fails,Coach,operator portal,"“That file was rejected — too large, wrong type, or empty.”",no
9b,9,Reviewing,Upload Feedback,Coach,manual,manual — uploads their feedback,Feedback Uploaded,Shown to someone when it fails,message,fails,Coach,operator portal,“That upload didn’t finish — try it again.”,no
9b,9,Reviewing,Upload Feedback,Coach,manual,manual — uploads their feedback,Feedback Uploaded,Shown to someone when it fails,message,fails,Coach,operator portal,“We couldn’t reach storage. Please try again in a moment.”,no
9b,9,Reviewing,Upload Feedback,Coach,manual,manual — uploads their feedback,Feedback Uploaded,Shown to someone when it fails,message,fails,Admin,operator portal,"“The coach hasn’t uploaded anything, 7 days after hand-off.”",no
9b,9,Reviewing,Upload Feedback,Coach,manual,manual — uploads their feedback,Feedback Uploaded,Written to the trail when it works,trail row,works,,,files attached — 1 feedback,no
9b,9,Reviewing,Upload Feedback,Coach,manual,manual — uploads their feedback,Feedback Uploaded,Written to the trail when it works,trail row,works,,,files attached — 2 feedback,no
9b,9,Reviewing,Upload Feedback,Coach,manual,manual — uploads their feedback,Feedback Uploaded,Written to the trail when it works,trail row,works,,,files attached — 3 feedback,no
9b,9,Reviewing,Upload Feedback,Coach,manual,manual — uploads their feedback,Feedback Uploaded,Written to the trail when it works,trail row,works,,,files attached — 4 feedback,no
9b,9,Reviewing,Upload Feedback,Coach,manual,manual — uploads their feedback,Feedback Uploaded,Written to the trail when it works,trail row,works,,,files attached — 5 feedback,no
9b,9,Reviewing,Upload Feedback,Coach,manual,manual — uploads their feedback,Feedback Uploaded,Shown to someone when it works,message,works,Coach,operator portal,the file appears in their folder,yes
9b,9,Reviewing,Upload Feedback,Coach,manual,manual — uploads their feedback,Feedback Uploaded,Shown to someone when it works,message,works,Admin,operator portal,“The coach has delivered.”,no
10a,10,Submitted,Inform Admin,System,automated,automated — fires when the feedback lands,Admin Informed,Written to the trail when it fails,trail row,fails,,,⑥ feedback → Admin failed,yes
10a,10,Submitted,Inform Admin,System,automated,automated — fires when the feedback lands,Admin Informed,Written to the trail when it fails,trail row,fails,,,⑥ feedback → Admin bounced — hard,yes
10a,10,Submitted,Inform Admin,System,automated,automated — fires when the feedback lands,Admin Informed,Written to the trail when it fails,trail row,fails,,,⑥ feedback → Admin bounced — soft,yes
10a,10,Submitted,Inform Admin,System,automated,automated — fires when the feedback lands,Admin Informed,Written to the trail when it fails,trail row,fails,,,⑥ feedback → Admin bounced,yes
10a,10,Submitted,Inform Admin,System,automated,automated — fires when the feedback lands,Admin Informed,Written to the trail when it fails,trail row,fails,,,⑥ feedback → Admin complained,yes
10a,10,Submitted,Inform Admin,System,automated,automated — fires when the feedback lands,Admin Informed,Shown to someone when it fails,message,fails,Admin,operator portal,a banner on the row — “The feedback notice bounced.”,no
10a,10,Submitted,Inform Admin,System,automated,automated — fires when the feedback lands,Admin Informed,Written to the trail when it works,trail row,works,,,⑥ feedback → Admin,yes
10a,10,Submitted,Inform Admin,System,automated,automated — fires when the feedback lands,Admin Informed,Written to the trail when it works,trail row,works,,,⑥ feedback → Admin delivered,yes
10a,10,Submitted,Inform Admin,System,automated,automated — fires when the feedback lands,Admin Informed,Shown to someone when it works,message,works,Admin,email,⑥ the coach has delivered,yes
10b,10,Submitted,Inform Coach,System,automated,automated — fires when the feedback lands,Coach Informed,Written to the trail when it fails,trail row,fails,,,⑥ feedback → coach failed,yes
10b,10,Submitted,Inform Coach,System,automated,automated — fires when the feedback lands,Coach Informed,Written to the trail when it fails,trail row,fails,,,⑥ feedback → coach bounced — hard,yes
10b,10,Submitted,Inform Coach,System,automated,automated — fires when the feedback lands,Coach Informed,Written to the trail when it fails,trail row,fails,,,⑥ feedback → coach bounced — soft,yes
10b,10,Submitted,Inform Coach,System,automated,automated — fires when the feedback lands,Coach Informed,Written to the trail when it fails,trail row,fails,,,⑥ feedback → coach bounced,yes
10b,10,Submitted,Inform Coach,System,automated,automated — fires when the feedback lands,Coach Informed,Written to the trail when it fails,trail row,fails,,,⑥ feedback → coach complained,yes
10b,10,Submitted,Inform Coach,System,automated,automated — fires when the feedback lands,Coach Informed,Shown to someone when it fails,message,fails,Admin,operator portal,a banner on the row — “The coach’s copy bounced.”,no
10b,10,Submitted,Inform Coach,System,automated,automated — fires when the feedback lands,Coach Informed,Written to the trail when it works,trail row,works,,,⑥ feedback → coach,yes
10b,10,Submitted,Inform Coach,System,automated,automated — fires when the feedback lands,Coach Informed,Written to the trail when it works,trail row,works,,,⑥ feedback → coach delivered,yes
10b,10,Submitted,Inform Coach,System,automated,automated — fires when the feedback lands,Coach Informed,Shown to someone when it works,message,works,Coach,email,⑥ we have your feedback,yes
10c,10,Submitted,Approve Feedback,Admin,manual,"manual — approves the coaching, or returns it with a reason",Feedback Approved,Written to the trail when it fails,trail row,fails,,,⑥ approved → coach failed,no
10c,10,Submitted,Approve Feedback,Admin,manual,"manual — approves the coaching, or returns it with a reason",Feedback Approved,Written to the trail when it fails,trail row,fails,,,⑥ approved → coach bounced — hard,no
10c,10,Submitted,Approve Feedback,Admin,manual,"manual — approves the coaching, or returns it with a reason",Feedback Approved,Written to the trail when it fails,trail row,fails,,,⑥ approved → coach bounced — soft,no
10c,10,Submitted,Approve Feedback,Admin,manual,"manual — approves the coaching, or returns it with a reason",Feedback Approved,Written to the trail when it fails,trail row,fails,,,⑥ approved → coach bounced,no
10c,10,Submitted,Approve Feedback,Admin,manual,"manual — approves the coaching, or returns it with a reason",Feedback Approved,Written to the trail when it fails,trail row,fails,,,⑥ approved → coach complained,no
10c,10,Submitted,Approve Feedback,Admin,manual,"manual — approves the coaching, or returns it with a reason",Feedback Approved,Written to the trail when it fails,trail row,fails,,,⑥ returned → coach failed,no
10c,10,Submitted,Approve Feedback,Admin,manual,"manual — approves the coaching, or returns it with a reason",Feedback Approved,Written to the trail when it fails,trail row,fails,,,⑥ returned → coach bounced — hard,no
10c,10,Submitted,Approve Feedback,Admin,manual,"manual — approves the coaching, or returns it with a reason",Feedback Approved,Written to the trail when it fails,trail row,fails,,,⑥ returned → coach bounced — soft,no
10c,10,Submitted,Approve Feedback,Admin,manual,"manual — approves the coaching, or returns it with a reason",Feedback Approved,Written to the trail when it fails,trail row,fails,,,⑥ returned → coach bounced,no
10c,10,Submitted,Approve Feedback,Admin,manual,"manual — approves the coaching, or returns it with a reason",Feedback Approved,Written to the trail when it fails,trail row,fails,,,⑥ returned → coach complained,no
10c,10,Submitted,Approve Feedback,Admin,manual,"manual — approves the coaching, or returns it with a reason",Feedback Approved,Shown to someone when it fails,message,fails,Admin,operator portal,“There’s nothing in the feedback folder to assess.”,no
10c,10,Submitted,Approve Feedback,Admin,manual,"manual — approves the coaching, or returns it with a reason",Feedback Approved,Shown to someone when it fails,message,fails,Admin,operator portal,“Say why it’s going back — the coach only gets what you write here.”,no
10c,10,Submitted,Approve Feedback,Admin,manual,"manual — approves the coaching, or returns it with a reason",Feedback Approved,Shown to someone when it fails,message,fails,Admin,operator portal,“That didn’t go through — try again.”,no
10c,10,Submitted,Approve Feedback,Admin,manual,"manual — approves the coaching, or returns it with a reason",Feedback Approved,Written to the trail when it works,trail row,works,,,feedback approved — proceeding to the fit assessment,no
10c,10,Submitted,Approve Feedback,Admin,manual,"manual — approves the coaching, or returns it with a reason",Feedback Approved,Written to the trail when it works,trail row,works,,,feedback rejected — sent back for rework. Returning to Step 9,no
10c,10,Submitted,Approve Feedback,Admin,manual,"manual — approves the coaching, or returns it with a reason",Feedback Approved,Written to the trail when it works,trail row,works,,,⑥ approved → coach,no
10c,10,Submitted,Approve Feedback,Admin,manual,"manual — approves the coaching, or returns it with a reason",Feedback Approved,Written to the trail when it works,trail row,works,,,⑥ approved → coach delivered,no
10c,10,Submitted,Approve Feedback,Admin,manual,"manual — approves the coaching, or returns it with a reason",Feedback Approved,Written to the trail when it works,trail row,works,,,⑥ returned → coach,no
10c,10,Submitted,Approve Feedback,Admin,manual,"manual — approves the coaching, or returns it with a reason",Feedback Approved,Written to the trail when it works,trail row,works,,,⑥ returned → coach delivered,no
10c,10,Submitted,Approve Feedback,Admin,manual,"manual — approves the coaching, or returns it with a reason",Feedback Approved,Shown to someone when it works,message,works,Admin,operator portal,“Approved — checking whether the client can read it.”,no
10c,10,Submitted,Approve Feedback,Admin,manual,"manual — approves the coaching, or returns it with a reason",Feedback Approved,Shown to someone when it works,message,works,Admin,operator portal,“Returned for rework — back to Step 9.”,no
10c,10,Submitted,Approve Feedback,Admin,manual,"manual — approves the coaching, or returns it with a reason",Feedback Approved,Shown to someone when it works,message,works,Coach,email,⑥ your feedback was approved,no
10c,10,Submitted,Approve Feedback,Admin,manual,"manual — approves the coaching, or returns it with a reason",Feedback Approved,Shown to someone when it works,message,works,Coach,email,"⑥ your feedback was returned, with the reason",no
10c,10,Submitted,Approve Feedback,Admin,manual,"manual — approves the coaching, or returns it with a reason",Feedback Approved,Shown to someone when it works,message,works,Coach,operator portal,“This came back — see the note and re-upload.”,no
10d,10,Submitted,Assess Feedback Fit,System,automated,automated — reads the language the feedback was written in,Feedback Fit Assessed,Written to the trail when it fails,trail row,fails,,,no coach who answered shares the client's language — translation unavoidable,no
10d,10,Submitted,Assess Feedback Fit,System,automated,automated — reads the language the feedback was written in,Feedback Fit Assessed,Shown to someone when it fails,message,fails,Admin,operator portal,“The feedback came back in a language the client doesn’t read — a translation will be needed.”,no
10d,10,Submitted,Assess Feedback Fit,System,automated,automated — reads the language the feedback was written in,Feedback Fit Assessed,Written to the trail when it works,trail row,works,,,feedback fit assessed — written in {language},no
10d,10,Submitted,Assess Feedback Fit,System,automated,automated — reads the language the feedback was written in,Feedback Fit Assessed,Written to the trail when it works,trail row,works,,,feedback fit assessed — the client reads it,no
10d,10,Submitted,Assess Feedback Fit,System,automated,automated — reads the language the feedback was written in,Feedback Fit Assessed,Shown to someone when it works,message,works,Admin,operator portal,“The client reads this. No translation needed.”,no
10d,10,Submitted,Assess Feedback Fit,System,automated,automated — reads the language the feedback was written in,Feedback Fit Assessed,Shown to someone when it works,message,works,Admin,operator portal,“The client can’t read this. Translation needed.”,no
10e,10,Submitted,Choose Path,System,automated,automated — reads what the fit assessment found,Path Chosen,Written to the trail when it fails,trail row,fails,,,compatibility split — the feedback spans two languages,no
10e,10,Submitted,Choose Path,System,automated,automated — reads what the fit assessment found,Path Chosen,Written to the trail when it fails,trail row,fails,,,compatibility split — {coachId} answered in a language the client can’t read,no
10e,10,Submitted,Choose Path,System,automated,automated — reads what the fit assessment found,Path Chosen,Shown to someone when it fails,message,fails,Admin,operator portal,"“{name} answered in a language the client can’t read. Translate the set, or send one.”",no
10e,10,Submitted,Choose Path,System,automated,automated — reads what the fit assessment found,Path Chosen,Written to the trail when it works,trail row,works,,,translation required — no shared language. Proceeding to Step 11,no
10e,10,Submitted,Choose Path,System,automated,automated — reads what the fit assessment found,Path Chosen,Written to the trail when it works,trail row,works,,,translation not required — shared language. Proceeding to Step 14,no
10e,10,Submitted,Choose Path,System,automated,automated — reads what the fit assessment found,Path Chosen,Shown to someone when it works,message,works,Admin,operator portal,“No shared language — this needs translating. Moving to Step 11.”,no
10e,10,Submitted,Choose Path,System,automated,automated — reads what the fit assessment found,Path Chosen,Shown to someone when it works,message,works,Admin,operator portal,“Shared language — no translation needed. Moving to Step 14.”,no
11a,11,Translate,Assign Translator,Admin,manual,manual — picks from the translator list,Translator Assigned,Written to the trail when it fails,trail row,fails,,,feedback translator already assigned — reassignment refused,no
11a,11,Translate,Assign Translator,Admin,manual,manual — picks from the translator list,Translator Assigned,Written to the trail when it fails,trail row,fails,,,feedback translator assignment failed — nobody on file covers that language pair,no
11a,11,Translate,Assign Translator,Admin,manual,manual — picks from the translator list,Translator Assigned,Shown to someone when it fails,message,fails,Admin,operator portal,“This has already gone to a translator. Reload to see where it is.”,no
11a,11,Translate,Assign Translator,Admin,manual,manual — picks from the translator list,Translator Assigned,Shown to someone when it fails,message,fails,Admin,operator portal,“Nobody on file covers that language pair.”,no
11a,11,Translate,Assign Translator,Admin,manual,manual — picks from the translator list,Translator Assigned,Shown to someone when it fails,message,fails,Admin,operator portal,“That didn’t go through — try again.”,no
11a,11,Translate,Assign Translator,Admin,manual,manual — picks from the translator list,Translator Assigned,Written to the trail when it works,trail row,works,,,feedback translator assigned — {translatorId},no
11a,11,Translate,Assign Translator,Admin,manual,manual — picks from the translator list,Translator Assigned,Written to the trail when it works,trail row,works,,,feedback translator unassigned — {translatorId},no
11a,11,Translate,Assign Translator,Admin,manual,manual — picks from the translator list,Translator Assigned,Shown to someone when it works,message,works,Admin,operator portal,the translator’s name appears on the row,no
11a,11,Translate,Assign Translator,Admin,manual,manual — picks from the translator list,Translator Assigned,Shown to someone when it works,message,works,Admin,operator portal,“Two translators on this one.”,no
11a,11,Translate,Assign Translator,Admin,manual,manual — picks from the translator list,Translator Assigned,Shown to someone when it works,message,works,Admin,operator portal,“Reassigned — {name} has it now.”,no
11a,11,Translate,Assign Translator,Admin,manual,manual — picks from the translator list,Translator Assigned,Shown to someone when it works,message,works,Admin,operator portal,“The intake leg can take a different translator.”,no
11b,11,Translate,Inform Translator,System,automated,"automated — fires on assignment; there is one set, so nothing to choose",Translator Informed,Written to the trail when it fails,trail row,fails,,,⑦ feedback → translator failed,no
11b,11,Translate,Inform Translator,System,automated,"automated — fires on assignment; there is one set, so nothing to choose",Translator Informed,Written to the trail when it fails,trail row,fails,,,⑦ feedback → translator bounced — hard,no
11b,11,Translate,Inform Translator,System,automated,"automated — fires on assignment; there is one set, so nothing to choose",Translator Informed,Written to the trail when it fails,trail row,fails,,,⑦ feedback → translator bounced — soft,no
11b,11,Translate,Inform Translator,System,automated,"automated — fires on assignment; there is one set, so nothing to choose",Translator Informed,Written to the trail when it fails,trail row,fails,,,⑦ feedback → translator bounced,no
11b,11,Translate,Inform Translator,System,automated,"automated — fires on assignment; there is one set, so nothing to choose",Translator Informed,Written to the trail when it fails,trail row,fails,,,⑦ feedback → translator complained,no
11b,11,Translate,Inform Translator,System,automated,"automated — fires on assignment; there is one set, so nothing to choose",Translator Informed,Shown to someone when it fails,message,fails,Admin,operator portal,“The translator never received this.”,no
11b,11,Translate,Inform Translator,System,automated,"automated — fires on assignment; there is one set, so nothing to choose",Translator Informed,Shown to someone when it fails,message,fails,Admin,operator portal,“That didn’t go through — try again.”,no
11b,11,Translate,Inform Translator,System,automated,"automated — fires on assignment; there is one set, so nothing to choose",Translator Informed,Written to the trail when it works,trail row,works,,,⑦ feedback → translator,no
11b,11,Translate,Inform Translator,System,automated,"automated — fires on assignment; there is one set, so nothing to choose",Translator Informed,Written to the trail when it works,trail row,works,,,⑦ feedback → translator delivered,no
11b,11,Translate,Inform Translator,System,automated,"automated — fires on assignment; there is one set, so nothing to choose",Translator Informed,Shown to someone when it works,message,works,Translator,email,⑦ a feedback to translate,no
11c,11,Translate,Download Feedback,Translator,manual,"manual — collects the feedback, off-platform",Feedback Downloaded,Written to the trail when it fails,trail row,fails,,,"feedback fetch refused — 410, the folder was swept",yes
11c,11,Translate,Download Feedback,Translator,manual,"manual — collects the feedback, off-platform",Feedback Downloaded,Written to the trail when it fails,trail row,fails,,,"feedback fetch refused — 401, the session had expired",no
11c,11,Translate,Download Feedback,Translator,manual,"manual — collects the feedback, off-platform",Feedback Downloaded,Written to the trail when it fails,trail row,fails,,,"feedback fetch refused — 403, a different party asked",no
11c,11,Translate,Download Feedback,Translator,manual,"manual — collects the feedback, off-platform",Feedback Downloaded,Written to the trail when it fails,trail row,fails,,,feedback fetch failed — storage unreachable,no
11c,11,Translate,Download Feedback,Translator,manual,"manual — collects the feedback, off-platform",Feedback Downloaded,Written to the trail when it fails,trail row,fails,,,feedback fetch stopped partway,no
11c,11,Translate,Download Feedback,Translator,manual,"manual — collects the feedback, off-platform",Feedback Downloaded,Written to the trail when it fails,trail row,fails,,,feedback pack build failed — too large to archive,no
11c,11,Translate,Download Feedback,Translator,manual,"manual — collects the feedback, off-platform",Feedback Downloaded,Written to the trail when it fails,trail row,fails,,,feedback never collected — 48h after hand-off,no
11c,11,Translate,Download Feedback,Translator,manual,"manual — collects the feedback, off-platform",Feedback Downloaded,Written to the trail when it fails,trail row,fails,,,"feedback still incomplete — 1 of 2, 48h after hand-off",no
11c,11,Translate,Download Feedback,Translator,manual,"manual — collects the feedback, off-platform",Feedback Downloaded,Written to the trail when it fails,trail row,fails,,,"feedback still incomplete — 1 of 3, 48h after hand-off",no
11c,11,Translate,Download Feedback,Translator,manual,"manual — collects the feedback, off-platform",Feedback Downloaded,Written to the trail when it fails,trail row,fails,,,"feedback still incomplete — 1 of 4, 48h after hand-off",no
11c,11,Translate,Download Feedback,Translator,manual,"manual — collects the feedback, off-platform",Feedback Downloaded,Written to the trail when it fails,trail row,fails,,,"feedback still incomplete — 1 of 5, 48h after hand-off",no
11c,11,Translate,Download Feedback,Translator,manual,"manual — collects the feedback, off-platform",Feedback Downloaded,Written to the trail when it fails,trail row,fails,,,"feedback still incomplete — 2 of 3, 48h after hand-off",no
11c,11,Translate,Download Feedback,Translator,manual,"manual — collects the feedback, off-platform",Feedback Downloaded,Written to the trail when it fails,trail row,fails,,,"feedback still incomplete — 2 of 4, 48h after hand-off",no
11c,11,Translate,Download Feedback,Translator,manual,"manual — collects the feedback, off-platform",Feedback Downloaded,Written to the trail when it fails,trail row,fails,,,"feedback still incomplete — 2 of 5, 48h after hand-off",no
11c,11,Translate,Download Feedback,Translator,manual,"manual — collects the feedback, off-platform",Feedback Downloaded,Written to the trail when it fails,trail row,fails,,,"feedback still incomplete — 3 of 4, 48h after hand-off",no
11c,11,Translate,Download Feedback,Translator,manual,"manual — collects the feedback, off-platform",Feedback Downloaded,Written to the trail when it fails,trail row,fails,,,"feedback still incomplete — 3 of 5, 48h after hand-off",no
11c,11,Translate,Download Feedback,Translator,manual,"manual — collects the feedback, off-platform",Feedback Downloaded,Written to the trail when it fails,trail row,fails,,,"feedback still incomplete — 4 of 5, 48h after hand-off",no
11c,11,Translate,Download Feedback,Translator,manual,"manual — collects the feedback, off-platform",Feedback Downloaded,Shown to someone when it fails,message,fails,Translator,operator portal,“That file is no longer available.”,yes
11c,11,Translate,Download Feedback,Translator,manual,"manual — collects the feedback, off-platform",Feedback Downloaded,Shown to someone when it fails,message,fails,Translator,operator portal,“Your session has expired. Please sign in again.”,no
11c,11,Translate,Download Feedback,Translator,manual,"manual — collects the feedback, off-platform",Feedback Downloaded,Shown to someone when it fails,message,fails,Translator,operator portal,“This submission isn’t assigned to you.”,no
11c,11,Translate,Download Feedback,Translator,manual,"manual — collects the feedback, off-platform",Feedback Downloaded,Shown to someone when it fails,message,fails,Translator,operator portal,“We couldn’t reach storage. Please try again in a moment.”,no
11c,11,Translate,Download Feedback,Translator,manual,"manual — collects the feedback, off-platform",Feedback Downloaded,Shown to someone when it fails,message,fails,Translator,operator portal,“That download didn’t finish — try it again.”,no
11c,11,Translate,Download Feedback,Translator,manual,"manual — collects the feedback, off-platform",Feedback Downloaded,Shown to someone when it fails,message,fails,Translator,operator portal,“We couldn’t build the archive. Download the files individually.”,no
11c,11,Translate,Download Feedback,Translator,manual,"manual — collects the feedback, off-platform",Feedback Downloaded,Shown to someone when it fails,message,fails,Admin,operator portal,"“The translator hasn’t collected anything, 48h after hand-off.”",no
11c,11,Translate,Download Feedback,Translator,manual,"manual — collects the feedback, off-platform",Feedback Downloaded,Shown to someone when it fails,message,fails,Admin,operator portal,“The translator has 1 of 2 files.”,no
11c,11,Translate,Download Feedback,Translator,manual,"manual — collects the feedback, off-platform",Feedback Downloaded,Shown to someone when it fails,message,fails,Admin,operator portal,“The translator has 1 of 3 files.”,no
11c,11,Translate,Download Feedback,Translator,manual,"manual — collects the feedback, off-platform",Feedback Downloaded,Shown to someone when it fails,message,fails,Admin,operator portal,“The translator has 1 of 4 files.”,no
11c,11,Translate,Download Feedback,Translator,manual,"manual — collects the feedback, off-platform",Feedback Downloaded,Shown to someone when it fails,message,fails,Admin,operator portal,“The translator has 1 of 5 files.”,no
11c,11,Translate,Download Feedback,Translator,manual,"manual — collects the feedback, off-platform",Feedback Downloaded,Shown to someone when it fails,message,fails,Admin,operator portal,“The translator has 2 of 3 files.”,no
11c,11,Translate,Download Feedback,Translator,manual,"manual — collects the feedback, off-platform",Feedback Downloaded,Shown to someone when it fails,message,fails,Admin,operator portal,“The translator has 2 of 4 files.”,no
11c,11,Translate,Download Feedback,Translator,manual,"manual — collects the feedback, off-platform",Feedback Downloaded,Shown to someone when it fails,message,fails,Admin,operator portal,“The translator has 2 of 5 files.”,no
11c,11,Translate,Download Feedback,Translator,manual,"manual — collects the feedback, off-platform",Feedback Downloaded,Shown to someone when it fails,message,fails,Admin,operator portal,“The translator has 3 of 4 files.”,no
11c,11,Translate,Download Feedback,Translator,manual,"manual — collects the feedback, off-platform",Feedback Downloaded,Shown to someone when it fails,message,fails,Admin,operator portal,“The translator has 3 of 5 files.”,no
11c,11,Translate,Download Feedback,Translator,manual,"manual — collects the feedback, off-platform",Feedback Downloaded,Shown to someone when it fails,message,fails,Admin,operator portal,“The translator has 4 of 5 files.”,no
11c,11,Translate,Download Feedback,Translator,manual,"manual — collects the feedback, off-platform",Feedback Downloaded,Written to the trail when it works,trail row,works,,,feedback collected — 1 of 1,no
11c,11,Translate,Download Feedback,Translator,manual,"manual — collects the feedback, off-platform",Feedback Downloaded,Written to the trail when it works,trail row,works,,,feedback collected — 1 of 2,no
11c,11,Translate,Download Feedback,Translator,manual,"manual — collects the feedback, off-platform",Feedback Downloaded,Written to the trail when it works,trail row,works,,,feedback collected — 1 of 3,no
11c,11,Translate,Download Feedback,Translator,manual,"manual — collects the feedback, off-platform",Feedback Downloaded,Written to the trail when it works,trail row,works,,,feedback collected — 1 of 4,no
11c,11,Translate,Download Feedback,Translator,manual,"manual — collects the feedback, off-platform",Feedback Downloaded,Written to the trail when it works,trail row,works,,,feedback collected — 1 of 5,no
11c,11,Translate,Download Feedback,Translator,manual,"manual — collects the feedback, off-platform",Feedback Downloaded,Written to the trail when it works,trail row,works,,,feedback collected — 2 of 2,no
11c,11,Translate,Download Feedback,Translator,manual,"manual — collects the feedback, off-platform",Feedback Downloaded,Written to the trail when it works,trail row,works,,,feedback collected — 2 of 3,no
11c,11,Translate,Download Feedback,Translator,manual,"manual — collects the feedback, off-platform",Feedback Downloaded,Written to the trail when it works,trail row,works,,,feedback collected — 2 of 4,no
11c,11,Translate,Download Feedback,Translator,manual,"manual — collects the feedback, off-platform",Feedback Downloaded,Written to the trail when it works,trail row,works,,,feedback collected — 2 of 5,no
11c,11,Translate,Download Feedback,Translator,manual,"manual — collects the feedback, off-platform",Feedback Downloaded,Written to the trail when it works,trail row,works,,,feedback collected — 3 of 3,no
11c,11,Translate,Download Feedback,Translator,manual,"manual — collects the feedback, off-platform",Feedback Downloaded,Written to the trail when it works,trail row,works,,,feedback collected — 3 of 4,no
11c,11,Translate,Download Feedback,Translator,manual,"manual — collects the feedback, off-platform",Feedback Downloaded,Written to the trail when it works,trail row,works,,,feedback collected — 3 of 5,no
11c,11,Translate,Download Feedback,Translator,manual,"manual — collects the feedback, off-platform",Feedback Downloaded,Written to the trail when it works,trail row,works,,,feedback collected — 4 of 4,no
11c,11,Translate,Download Feedback,Translator,manual,"manual — collects the feedback, off-platform",Feedback Downloaded,Written to the trail when it works,trail row,works,,,feedback collected — 4 of 5,no
11c,11,Translate,Download Feedback,Translator,manual,"manual — collects the feedback, off-platform",Feedback Downloaded,Written to the trail when it works,trail row,works,,,feedback collected — 5 of 5,no
11c,11,Translate,Download Feedback,Translator,manual,"manual — collects the feedback, off-platform",Feedback Downloaded,Written to the trail when it works,trail row,works,,,feedback collected in one pack,no
11c,11,Translate,Download Feedback,Translator,manual,"manual — collects the feedback, off-platform",Feedback Downloaded,Shown to someone when it works,message,works,Translator,operator portal,the file downloads,yes
11c,11,Translate,Download Feedback,Translator,manual,"manual — collects the feedback, off-platform",Feedback Downloaded,Shown to someone when it works,message,works,Translator,operator portal,“Your file downloaded — you have the complete set.”,no
11c,11,Translate,Download Feedback,Translator,manual,"manual — collects the feedback, off-platform",Feedback Downloaded,Shown to someone when it works,message,works,Translator,operator portal,“All 2 files downloaded — you have the complete set.”,no
11c,11,Translate,Download Feedback,Translator,manual,"manual — collects the feedback, off-platform",Feedback Downloaded,Shown to someone when it works,message,works,Translator,operator portal,“All 3 files downloaded — you have the complete set.”,no
11c,11,Translate,Download Feedback,Translator,manual,"manual — collects the feedback, off-platform",Feedback Downloaded,Shown to someone when it works,message,works,Translator,operator portal,“All 4 files downloaded — you have the complete set.”,no
11c,11,Translate,Download Feedback,Translator,manual,"manual — collects the feedback, off-platform",Feedback Downloaded,Shown to someone when it works,message,works,Translator,operator portal,“All 5 files downloaded — you have the complete set.”,no
11c,11,Translate,Download Feedback,Translator,manual,"manual — collects the feedback, off-platform",Feedback Downloaded,Shown to someone when it works,message,works,Admin,operator portal,“The translator has started — first file collected.”,no
11c,11,Translate,Download Feedback,Translator,manual,"manual — collects the feedback, off-platform",Feedback Downloaded,Shown to someone when it works,message,works,Admin,operator portal,“The translator has the complete set.”,no
12a,12,Translating,Update Client,System,automated,automated — fires on the translator's first collection,Client Updated,Written to the trail when it fails,trail row,fails,,,client status update failed — the page still shows the previous line,no
12a,12,Translating,Update Client,System,automated,automated — fires on the translator's first collection,Client Updated,Shown to someone when it fails,message,fails,Admin,operator portal,“The client’s status page didn’t update — it still shows the previous step.”,no
12a,12,Translating,Update Client,System,automated,automated — fires on the translator's first collection,Client Updated,Written to the trail when it works,trail row,works,,,client status — “Your feedback is being translated.”,no
12a,12,Translating,Update Client,System,automated,automated — fires on the translator's first collection,Client Updated,Shown to someone when it works,message,works,Customer,status page,“Your feedback is being translated.”,no
12b,12,Translating,Upload Translation,Translator,manual,manual — uploads each file against its original,Translation Uploaded,Written to the trail when it fails,trail row,fails,,,feedback_translation rejected — over the size limit,no
12b,12,Translating,Upload Translation,Translator,manual,manual — uploads each file against its original,Translation Uploaded,Written to the trail when it fails,trail row,fails,,,feedback_translation rejected — file type not supported,no
12b,12,Translating,Upload Translation,Translator,manual,manual — uploads each file against its original,Translation Uploaded,Written to the trail when it fails,trail row,fails,,,feedback_translation rejected — the file was empty,no
12b,12,Translating,Upload Translation,Translator,manual,manual — uploads each file against its original,Translation Uploaded,Written to the trail when it fails,trail row,fails,,,feedback_translation unmatched — no original to pair it with,no
12b,12,Translating,Upload Translation,Translator,manual,manual — uploads each file against its original,Translation Uploaded,Written to the trail when it fails,trail row,fails,,,feedback_translation duplicate — that original already has a translation,no
12b,12,Translating,Upload Translation,Translator,manual,manual — uploads each file against its original,Translation Uploaded,Written to the trail when it fails,trail row,fails,,,feedback_translation incomplete — 1 of 2 originals translated,no
12b,12,Translating,Upload Translation,Translator,manual,manual — uploads each file against its original,Translation Uploaded,Written to the trail when it fails,trail row,fails,,,feedback_translation incomplete — 1 of 3 originals translated,no
12b,12,Translating,Upload Translation,Translator,manual,manual — uploads each file against its original,Translation Uploaded,Written to the trail when it fails,trail row,fails,,,feedback_translation incomplete — 1 of 4 originals translated,no
12b,12,Translating,Upload Translation,Translator,manual,manual — uploads each file against its original,Translation Uploaded,Written to the trail when it fails,trail row,fails,,,feedback_translation incomplete — 1 of 5 originals translated,no
12b,12,Translating,Upload Translation,Translator,manual,manual — uploads each file against its original,Translation Uploaded,Written to the trail when it fails,trail row,fails,,,feedback_translation incomplete — 2 of 3 originals translated,no
12b,12,Translating,Upload Translation,Translator,manual,manual — uploads each file against its original,Translation Uploaded,Written to the trail when it fails,trail row,fails,,,feedback_translation incomplete — 2 of 4 originals translated,no
12b,12,Translating,Upload Translation,Translator,manual,manual — uploads each file against its original,Translation Uploaded,Written to the trail when it fails,trail row,fails,,,feedback_translation incomplete — 2 of 5 originals translated,no
12b,12,Translating,Upload Translation,Translator,manual,manual — uploads each file against its original,Translation Uploaded,Written to the trail when it fails,trail row,fails,,,feedback_translation incomplete — 3 of 4 originals translated,no
12b,12,Translating,Upload Translation,Translator,manual,manual — uploads each file against its original,Translation Uploaded,Written to the trail when it fails,trail row,fails,,,feedback_translation incomplete — 3 of 5 originals translated,no
12b,12,Translating,Upload Translation,Translator,manual,manual — uploads each file against its original,Translation Uploaded,Written to the trail when it fails,trail row,fails,,,feedback_translation incomplete — 4 of 5 originals translated,no
12b,12,Translating,Upload Translation,Translator,manual,manual — uploads each file against its original,Translation Uploaded,Shown to someone when it fails,message,fails,Translator,operator portal,"“That file was rejected — too large, wrong type, or empty.”",no
12b,12,Translating,Upload Translation,Translator,manual,manual — uploads each file against its original,Translation Uploaded,Shown to someone when it fails,message,fails,Translator,operator portal,“That file doesn’t match any original.”,no
12b,12,Translating,Upload Translation,Translator,manual,manual — uploads each file against its original,Translation Uploaded,Shown to someone when it fails,message,fails,Translator,operator portal,“That original already has a translation.”,no
12b,12,Translating,Upload Translation,Translator,manual,manual — uploads each file against its original,Translation Uploaded,Shown to someone when it fails,message,fails,Translator,operator portal,“1 of 2 originals still need a translation.”,no
12b,12,Translating,Upload Translation,Translator,manual,manual — uploads each file against its original,Translation Uploaded,Shown to someone when it fails,message,fails,Translator,operator portal,“1 of 3 originals still need a translation.”,no
12b,12,Translating,Upload Translation,Translator,manual,manual — uploads each file against its original,Translation Uploaded,Shown to someone when it fails,message,fails,Translator,operator portal,“1 of 4 originals still need a translation.”,no
12b,12,Translating,Upload Translation,Translator,manual,manual — uploads each file against its original,Translation Uploaded,Shown to someone when it fails,message,fails,Translator,operator portal,“1 of 5 originals still need a translation.”,no
12b,12,Translating,Upload Translation,Translator,manual,manual — uploads each file against its original,Translation Uploaded,Shown to someone when it fails,message,fails,Translator,operator portal,“2 of 3 originals still need a translation.”,no
12b,12,Translating,Upload Translation,Translator,manual,manual — uploads each file against its original,Translation Uploaded,Shown to someone when it fails,message,fails,Translator,operator portal,“2 of 4 originals still need a translation.”,no
12b,12,Translating,Upload Translation,Translator,manual,manual — uploads each file against its original,Translation Uploaded,Shown to someone when it fails,message,fails,Translator,operator portal,“2 of 5 originals still need a translation.”,no
12b,12,Translating,Upload Translation,Translator,manual,manual — uploads each file against its original,Translation Uploaded,Shown to someone when it fails,message,fails,Translator,operator portal,“3 of 4 originals still need a translation.”,no
12b,12,Translating,Upload Translation,Translator,manual,manual — uploads each file against its original,Translation Uploaded,Shown to someone when it fails,message,fails,Translator,operator portal,“3 of 5 originals still need a translation.”,no
12b,12,Translating,Upload Translation,Translator,manual,manual — uploads each file against its original,Translation Uploaded,Shown to someone when it fails,message,fails,Translator,operator portal,“4 of 5 originals still need a translation.”,no
12b,12,Translating,Upload Translation,Translator,manual,manual — uploads each file against its original,Translation Uploaded,Shown to someone when it fails,message,fails,Admin,operator portal,“1 of 2 originals have a translation.”,no
12b,12,Translating,Upload Translation,Translator,manual,manual — uploads each file against its original,Translation Uploaded,Shown to someone when it fails,message,fails,Admin,operator portal,“1 of 3 originals have a translation.”,no
12b,12,Translating,Upload Translation,Translator,manual,manual — uploads each file against its original,Translation Uploaded,Shown to someone when it fails,message,fails,Admin,operator portal,“1 of 4 originals have a translation.”,no
12b,12,Translating,Upload Translation,Translator,manual,manual — uploads each file against its original,Translation Uploaded,Shown to someone when it fails,message,fails,Admin,operator portal,“1 of 5 originals have a translation.”,no
12b,12,Translating,Upload Translation,Translator,manual,manual — uploads each file against its original,Translation Uploaded,Shown to someone when it fails,message,fails,Admin,operator portal,“2 of 3 originals have a translation.”,no
12b,12,Translating,Upload Translation,Translator,manual,manual — uploads each file against its original,Translation Uploaded,Shown to someone when it fails,message,fails,Admin,operator portal,“2 of 4 originals have a translation.”,no
12b,12,Translating,Upload Translation,Translator,manual,manual — uploads each file against its original,Translation Uploaded,Shown to someone when it fails,message,fails,Admin,operator portal,“2 of 5 originals have a translation.”,no
12b,12,Translating,Upload Translation,Translator,manual,manual — uploads each file against its original,Translation Uploaded,Shown to someone when it fails,message,fails,Admin,operator portal,“3 of 4 originals have a translation.”,no
12b,12,Translating,Upload Translation,Translator,manual,manual — uploads each file against its original,Translation Uploaded,Shown to someone when it fails,message,fails,Admin,operator portal,“3 of 5 originals have a translation.”,no
12b,12,Translating,Upload Translation,Translator,manual,manual — uploads each file against its original,Translation Uploaded,Shown to someone when it fails,message,fails,Admin,operator portal,“4 of 5 originals have a translation.”,no
12b,12,Translating,Upload Translation,Translator,manual,manual — uploads each file against its original,Translation Uploaded,Written to the trail when it works,trail row,works,,,files attached — 1 feedback_translation,no
12b,12,Translating,Upload Translation,Translator,manual,manual — uploads each file against its original,Translation Uploaded,Written to the trail when it works,trail row,works,,,files attached — 2 feedback_translation,no
12b,12,Translating,Upload Translation,Translator,manual,manual — uploads each file against its original,Translation Uploaded,Written to the trail when it works,trail row,works,,,files attached — 3 feedback_translation,no
12b,12,Translating,Upload Translation,Translator,manual,manual — uploads each file against its original,Translation Uploaded,Written to the trail when it works,trail row,works,,,files attached — 4 feedback_translation,no
12b,12,Translating,Upload Translation,Translator,manual,manual — uploads each file against its original,Translation Uploaded,Written to the trail when it works,trail row,works,,,files attached — 5 feedback_translation,no
12b,12,Translating,Upload Translation,Translator,manual,manual — uploads each file against its original,Translation Uploaded,Written to the trail when it works,trail row,works,,,feedback_translation paired to its original — 1 of 1,no
12b,12,Translating,Upload Translation,Translator,manual,manual — uploads each file against its original,Translation Uploaded,Written to the trail when it works,trail row,works,,,feedback_translation paired to its original — 1 of 2,no
12b,12,Translating,Upload Translation,Translator,manual,manual — uploads each file against its original,Translation Uploaded,Written to the trail when it works,trail row,works,,,feedback_translation paired to its original — 1 of 3,no
12b,12,Translating,Upload Translation,Translator,manual,manual — uploads each file against its original,Translation Uploaded,Written to the trail when it works,trail row,works,,,feedback_translation paired to its original — 1 of 4,no
12b,12,Translating,Upload Translation,Translator,manual,manual — uploads each file against its original,Translation Uploaded,Written to the trail when it works,trail row,works,,,feedback_translation paired to its original — 1 of 5,no
12b,12,Translating,Upload Translation,Translator,manual,manual — uploads each file against its original,Translation Uploaded,Written to the trail when it works,trail row,works,,,feedback_translation paired to its original — 2 of 2,no
12b,12,Translating,Upload Translation,Translator,manual,manual — uploads each file against its original,Translation Uploaded,Written to the trail when it works,trail row,works,,,feedback_translation paired to its original — 2 of 3,no
12b,12,Translating,Upload Translation,Translator,manual,manual — uploads each file against its original,Translation Uploaded,Written to the trail when it works,trail row,works,,,feedback_translation paired to its original — 2 of 4,no
12b,12,Translating,Upload Translation,Translator,manual,manual — uploads each file against its original,Translation Uploaded,Written to the trail when it works,trail row,works,,,feedback_translation paired to its original — 2 of 5,no
12b,12,Translating,Upload Translation,Translator,manual,manual — uploads each file against its original,Translation Uploaded,Written to the trail when it works,trail row,works,,,feedback_translation paired to its original — 3 of 3,no
12b,12,Translating,Upload Translation,Translator,manual,manual — uploads each file against its original,Translation Uploaded,Written to the trail when it works,trail row,works,,,feedback_translation paired to its original — 3 of 4,no
12b,12,Translating,Upload Translation,Translator,manual,manual — uploads each file against its original,Translation Uploaded,Written to the trail when it works,trail row,works,,,feedback_translation paired to its original — 3 of 5,no
12b,12,Translating,Upload Translation,Translator,manual,manual — uploads each file against its original,Translation Uploaded,Written to the trail when it works,trail row,works,,,feedback_translation paired to its original — 4 of 4,no
12b,12,Translating,Upload Translation,Translator,manual,manual — uploads each file against its original,Translation Uploaded,Written to the trail when it works,trail row,works,,,feedback_translation paired to its original — 4 of 5,no
12b,12,Translating,Upload Translation,Translator,manual,manual — uploads each file against its original,Translation Uploaded,Written to the trail when it works,trail row,works,,,feedback_translation paired to its original — 5 of 5,no
12b,12,Translating,Upload Translation,Translator,manual,manual — uploads each file against its original,Translation Uploaded,Shown to someone when it works,message,works,Translator,operator portal,the file appears beside the original it translates,no
12b,12,Translating,Upload Translation,Translator,manual,manual — uploads each file against its original,Translation Uploaded,Shown to someone when it works,message,works,Admin,operator portal,“Every original has a translation.”,no
12b,12,Translating,Upload Translation,Translator,manual,manual — uploads each file against its original,Translation Uploaded,Shown to someone when it works,message,works,Translator,operator portal,“All 1 translated.”,no
12b,12,Translating,Upload Translation,Translator,manual,manual — uploads each file against its original,Translation Uploaded,Shown to someone when it works,message,works,Translator,operator portal,“All 2 translated.”,no
12b,12,Translating,Upload Translation,Translator,manual,manual — uploads each file against its original,Translation Uploaded,Shown to someone when it works,message,works,Translator,operator portal,“All 3 translated.”,no
12b,12,Translating,Upload Translation,Translator,manual,manual — uploads each file against its original,Translation Uploaded,Shown to someone when it works,message,works,Translator,operator portal,“All 4 translated.”,no
12b,12,Translating,Upload Translation,Translator,manual,manual — uploads each file against its original,Translation Uploaded,Shown to someone when it works,message,works,Translator,operator portal,“All 5 translated.”,no
13a,13,Translated,Inform Admin,System,automated,automated — fires when the last translation lands,Admin Informed,Written to the trail when it fails,trail row,fails,,,⑦ translated → Admin failed,no
13a,13,Translated,Inform Admin,System,automated,automated — fires when the last translation lands,Admin Informed,Written to the trail when it fails,trail row,fails,,,⑦ translated → Admin bounced,no
13a,13,Translated,Inform Admin,System,automated,automated — fires when the last translation lands,Admin Informed,Shown to someone when it fails,message,fails,Admin,operator portal,a banner on the row — “The translation notice bounced.”,no
13a,13,Translated,Inform Admin,System,automated,automated — fires when the last translation lands,Admin Informed,Written to the trail when it works,trail row,works,,,⑦ translated → Admin,no
13a,13,Translated,Inform Admin,System,automated,automated — fires when the last translation lands,Admin Informed,Written to the trail when it works,trail row,works,,,⑦ translated → Admin delivered,no
13a,13,Translated,Inform Admin,System,automated,automated — fires when the last translation lands,Admin Informed,Shown to someone when it works,message,works,Admin,email,⑦ the translation is back,no
13b,13,Translated,Inform Translator,System,automated,automated — fires when the last translation lands,Translator Informed,Written to the trail when it fails,trail row,fails,,,⑦ received → translator failed,no
13b,13,Translated,Inform Translator,System,automated,automated — fires when the last translation lands,Translator Informed,Written to the trail when it fails,trail row,fails,,,⑦ received → translator bounced — hard,no
13b,13,Translated,Inform Translator,System,automated,automated — fires when the last translation lands,Translator Informed,Written to the trail when it fails,trail row,fails,,,⑦ received → translator bounced — soft,no
13b,13,Translated,Inform Translator,System,automated,automated — fires when the last translation lands,Translator Informed,Written to the trail when it fails,trail row,fails,,,⑦ received → translator bounced,no
13b,13,Translated,Inform Translator,System,automated,automated — fires when the last translation lands,Translator Informed,Written to the trail when it fails,trail row,fails,,,⑦ received → translator complained,no
13b,13,Translated,Inform Translator,System,automated,automated — fires when the last translation lands,Translator Informed,Shown to someone when it fails,message,fails,Admin,operator portal,a banner on the row — “The translator’s receipt bounced. They don’t know the translation arrived.”,no
13b,13,Translated,Inform Translator,System,automated,automated — fires when the last translation lands,Translator Informed,Written to the trail when it works,trail row,works,,,⑦ received → translator,no
13b,13,Translated,Inform Translator,System,automated,automated — fires when the last translation lands,Translator Informed,Written to the trail when it works,trail row,works,,,⑦ received → translator delivered,no
13b,13,Translated,Inform Translator,System,automated,automated — fires when the last translation lands,Translator Informed,Shown to someone when it works,message,works,Translator,email,⑦ we have your translation,no
13c,13,Translated,Assess Translation,Admin,manual,"manual — approves the translation, or returns it with a reason",Translation Assessed,Written to the trail when it fails,trail row,fails,,,⑦ approved → translator failed,no
13c,13,Translated,Assess Translation,Admin,manual,"manual — approves the translation, or returns it with a reason",Translation Assessed,Written to the trail when it fails,trail row,fails,,,⑦ approved → translator bounced — hard,no
13c,13,Translated,Assess Translation,Admin,manual,"manual — approves the translation, or returns it with a reason",Translation Assessed,Written to the trail when it fails,trail row,fails,,,⑦ approved → translator bounced — soft,no
13c,13,Translated,Assess Translation,Admin,manual,"manual — approves the translation, or returns it with a reason",Translation Assessed,Written to the trail when it fails,trail row,fails,,,⑦ approved → translator bounced,no
13c,13,Translated,Assess Translation,Admin,manual,"manual — approves the translation, or returns it with a reason",Translation Assessed,Written to the trail when it fails,trail row,fails,,,⑦ approved → translator complained,no
13c,13,Translated,Assess Translation,Admin,manual,"manual — approves the translation, or returns it with a reason",Translation Assessed,Written to the trail when it fails,trail row,fails,,,⑦ returned → translator failed,no
13c,13,Translated,Assess Translation,Admin,manual,"manual — approves the translation, or returns it with a reason",Translation Assessed,Written to the trail when it fails,trail row,fails,,,⑦ returned → translator bounced — hard,no
13c,13,Translated,Assess Translation,Admin,manual,"manual — approves the translation, or returns it with a reason",Translation Assessed,Written to the trail when it fails,trail row,fails,,,⑦ returned → translator bounced — soft,no
13c,13,Translated,Assess Translation,Admin,manual,"manual — approves the translation, or returns it with a reason",Translation Assessed,Written to the trail when it fails,trail row,fails,,,⑦ returned → translator bounced,no
13c,13,Translated,Assess Translation,Admin,manual,"manual — approves the translation, or returns it with a reason",Translation Assessed,Written to the trail when it fails,trail row,fails,,,⑦ returned → translator complained,no
13c,13,Translated,Assess Translation,Admin,manual,"manual — approves the translation, or returns it with a reason",Translation Assessed,Shown to someone when it fails,message,fails,Admin,operator portal,“There’s nothing in the translated folder to assess.”,no
13c,13,Translated,Assess Translation,Admin,manual,"manual — approves the translation, or returns it with a reason",Translation Assessed,Shown to someone when it fails,message,fails,Admin,operator portal,“Say why it’s going back — the translator only gets what you write here.”,no
13c,13,Translated,Assess Translation,Admin,manual,"manual — approves the translation, or returns it with a reason",Translation Assessed,Shown to someone when it fails,message,fails,Admin,operator portal,“That didn’t go through — try again.”,no
13c,13,Translated,Assess Translation,Admin,manual,"manual — approves the translation, or returns it with a reason",Translation Assessed,Written to the trail when it works,trail row,works,,,translation approved — every original covered. Proceeding to Step 14,no
13c,13,Translated,Assess Translation,Admin,manual,"manual — approves the translation, or returns it with a reason",Translation Assessed,Written to the trail when it works,trail row,works,,,translation rejected — sent back for rework. Returning to Step 12,no
13c,13,Translated,Assess Translation,Admin,manual,"manual — approves the translation, or returns it with a reason",Translation Assessed,Written to the trail when it works,trail row,works,,,⑦ approved → translator,no
13c,13,Translated,Assess Translation,Admin,manual,"manual — approves the translation, or returns it with a reason",Translation Assessed,Written to the trail when it works,trail row,works,,,⑦ approved → translator delivered,no
13c,13,Translated,Assess Translation,Admin,manual,"manual — approves the translation, or returns it with a reason",Translation Assessed,Written to the trail when it works,trail row,works,,,⑦ returned → translator,no
13c,13,Translated,Assess Translation,Admin,manual,"manual — approves the translation, or returns it with a reason",Translation Assessed,Written to the trail when it works,trail row,works,,,⑦ returned → translator delivered,no
13c,13,Translated,Assess Translation,Admin,manual,"manual — approves the translation, or returns it with a reason",Translation Assessed,Shown to someone when it works,message,works,Admin,operator portal,“Approved — moving to Step 14.”,no
13c,13,Translated,Assess Translation,Admin,manual,"manual — approves the translation, or returns it with a reason",Translation Assessed,Shown to someone when it works,message,works,Admin,operator portal,“Returned for rework — back to Step 12.”,no
13c,13,Translated,Assess Translation,Admin,manual,"manual — approves the translation, or returns it with a reason",Translation Assessed,Shown to someone when it works,message,works,Translator,email,⑦ your translation was approved,no
13c,13,Translated,Assess Translation,Admin,manual,"manual — approves the translation, or returns it with a reason",Translation Assessed,Shown to someone when it works,message,works,Translator,email,"⑦ your translation was returned, with the reason",no
13c,13,Translated,Assess Translation,Admin,manual,"manual — approves the translation, or returns it with a reason",Translation Assessed,Shown to someone when it works,message,works,Translator,operator portal,“This came back — see the note and re-upload.”,no
14a,14,Deliver,Update Client,System,automated,automated — fires only when arriving from step 13; untranslated feedback skips it,Client Updated,Written to the trail when it fails,trail row,fails,,,client status update failed — the page still shows the previous line,no
14a,14,Deliver,Update Client,System,automated,automated — fires only when arriving from step 13; untranslated feedback skips it,Client Updated,Shown to someone when it fails,message,fails,Admin,operator portal,“The client’s status page didn’t update — it still shows the previous step.”,no
14a,14,Deliver,Update Client,System,automated,automated — fires only when arriving from step 13; untranslated feedback skips it,Client Updated,Written to the trail when it works,trail row,works,,,client status — “Your feedback has been translated.”,no
14a,14,Deliver,Update Client,System,automated,automated — fires only when arriving from step 13; untranslated feedback skips it,Client Updated,Shown to someone when it works,message,works,Customer,status page,“Your feedback has been translated.”,no
14b,14,Deliver,Release Feedback,Admin,manual,manual — chooses the set and releases it,Feedback Released,Written to the trail when it fails,trail row,fails,,,release refused — nothing in the feedback folder,no
14b,14,Deliver,Release Feedback,Admin,manual,manual — chooses the set and releases it,Feedback Released,Written to the trail when it fails,trail row,fails,,,release refused — no set chosen,no
14b,14,Deliver,Release Feedback,Admin,manual,manual — chooses the set and releases it,Feedback Released,Written to the trail when it fails,trail row,fails,,,release refused — already delivered,no
14b,14,Deliver,Release Feedback,Admin,manual,manual — chooses the set and releases it,Feedback Released,Written to the trail when it fails,trail row,fails,,,release failed — the delivery stamp didn’t land,no
14b,14,Deliver,Release Feedback,Admin,manual,manual — chooses the set and releases it,Feedback Released,Shown to someone when it fails,message,fails,Admin,operator portal,“There is no feedback file to send yet.”,no
14b,14,Deliver,Release Feedback,Admin,manual,manual — chooses the set and releases it,Feedback Released,Shown to someone when it fails,message,fails,Admin,operator portal,“Choose which set the client receives.”,no
14b,14,Deliver,Release Feedback,Admin,manual,manual — chooses the set and releases it,Feedback Released,Shown to someone when it fails,message,fails,Admin,operator portal,“This has already been sent. Reload to see where it is.”,no
14b,14,Deliver,Release Feedback,Admin,manual,manual — chooses the set and releases it,Feedback Released,Shown to someone when it fails,message,fails,Admin,operator portal,“That didn’t go through — try again.”,no
14b,14,Deliver,Release Feedback,Admin,manual,manual — chooses the set and releases it,Feedback Released,Written to the trail when it works,trail row,works,,,approved — original set released,no
14b,14,Deliver,Release Feedback,Admin,manual,manual — chooses the set and releases it,Feedback Released,Written to the trail when it works,trail row,works,,,approved — translated set released,no
14b,14,Deliver,Release Feedback,Admin,manual,manual — chooses the set and releases it,Feedback Released,Written to the trail when it works,trail row,works,,,approved — both sets released,no
14b,14,Deliver,Release Feedback,Admin,manual,manual — chooses the set and releases it,Feedback Released,Written to the trail when it works,trail row,works,,,delivered — the client may now collect. Proceeding to 14c,no
14b,14,Deliver,Release Feedback,Admin,manual,manual — chooses the set and releases it,Feedback Released,Written to the trail when it works,trail row,works,,,retention backstop started — 90 days from delivery,no
14b,14,Deliver,Release Feedback,Admin,manual,manual — chooses the set and releases it,Feedback Released,Shown to someone when it works,message,works,Admin,operator portal,the row moves to Delivered,yes
14b,14,Deliver,Release Feedback,Admin,manual,manual — chooses the set and releases it,Feedback Released,Shown to someone when it works,message,works,Admin,operator portal,“Released — the client is being emailed.”,no
14b,14,Deliver,Release Feedback,Admin,manual,manual — chooses the set and releases it,Feedback Released,Shown to someone when it works,message,works,Admin,operator portal,“Kept until {date} unless they collect sooner.”,no
14c,14,Deliver,Send Feedback,System,automated,automated — fires on release,Feedback Sent,Written to the trail when it fails,trail row,fails,,,⑧ feedback ready → customer failed,yes
14c,14,Deliver,Send Feedback,System,automated,automated — fires on release,Feedback Sent,Written to the trail when it fails,trail row,fails,,,⑧ feedback ready → customer bounced — hard,yes
14c,14,Deliver,Send Feedback,System,automated,automated — fires on release,Feedback Sent,Written to the trail when it fails,trail row,fails,,,⑧ feedback ready → customer bounced — soft,yes
14c,14,Deliver,Send Feedback,System,automated,automated — fires on release,Feedback Sent,Written to the trail when it fails,trail row,fails,,,⑧ feedback ready → customer bounced,yes
14c,14,Deliver,Send Feedback,System,automated,automated — fires on release,Feedback Sent,Written to the trail when it fails,trail row,fails,,,⑧ feedback ready → customer complained,yes
14c,14,Deliver,Send Feedback,System,automated,automated — fires on release,Feedback Sent,Shown to someone when it fails,message,fails,Admin,operator portal,a banner on the row — “{customer} never received this. They don’t know it’s ready.”,no
14c,14,Deliver,Send Feedback,System,automated,automated — fires on release,Feedback Sent,Written to the trail when it works,trail row,works,,,⑧ feedback ready → customer,yes
14c,14,Deliver,Send Feedback,System,automated,automated — fires on release,Feedback Sent,Written to the trail when it works,trail row,works,,,⑧ feedback ready → customer delivered,yes
14c,14,Deliver,Send Feedback,System,automated,automated — fires on release,Feedback Sent,Shown to someone when it works,message,works,Customer,email,"⑧ feedback ready, stating the retention window",yes
14d,14,Deliver,Update Client,System,automated,automated — fires on release,Client Updated,Written to the trail when it fails,trail row,fails,,,client status update failed — the page still shows the previous line,no
14d,14,Deliver,Update Client,System,automated,automated — fires on release,Client Updated,Shown to someone when it fails,message,fails,Admin,operator portal,“The client’s status page didn’t update — it still shows the previous step.”,no
14d,14,Deliver,Update Client,System,automated,automated — fires on release,Client Updated,Written to the trail when it works,trail row,works,,,client status — “Your feedback is ready to collect.”,no
14d,14,Deliver,Update Client,System,automated,automated — fires on release,Client Updated,Shown to someone when it works,message,works,Customer,status page,“Your feedback is ready to collect.”,no
14e,14,Deliver,Customer Downloads,Customer,manual,manual — collects from the status page,Customer Downloaded,Written to the trail when it fails,trail row,fails,,,"customer fetch refused — 410, the folder was swept",yes
14e,14,Deliver,Customer Downloads,Customer,manual,manual — collects from the status page,Customer Downloaded,Written to the trail when it fails,trail row,fails,,,"customer fetch refused — 401, the session had expired",no
14e,14,Deliver,Customer Downloads,Customer,manual,manual — collects from the status page,Customer Downloaded,Written to the trail when it fails,trail row,fails,,,"customer fetch refused — 403, a different party asked",no
14e,14,Deliver,Customer Downloads,Customer,manual,manual — collects from the status page,Customer Downloaded,Written to the trail when it fails,trail row,fails,,,customer fetch failed — storage unreachable,no
14e,14,Deliver,Customer Downloads,Customer,manual,manual — collects from the status page,Customer Downloaded,Written to the trail when it fails,trail row,fails,,,customer fetch stopped partway,no
14e,14,Deliver,Customer Downloads,Customer,manual,manual — collects from the status page,Customer Downloaded,Written to the trail when it fails,trail row,fails,,,customer pack build failed — too large to archive,no
14e,14,Deliver,Customer Downloads,Customer,manual,manual — collects from the status page,Customer Downloaded,Written to the trail when it fails,trail row,fails,,,customer never collected — 48h after hand-off,no
14e,14,Deliver,Customer Downloads,Customer,manual,manual — collects from the status page,Customer Downloaded,Written to the trail when it fails,trail row,fails,,,"customer still incomplete — 1 of 2, 48h after hand-off",no
14e,14,Deliver,Customer Downloads,Customer,manual,manual — collects from the status page,Customer Downloaded,Written to the trail when it fails,trail row,fails,,,"customer still incomplete — 1 of 3, 48h after hand-off",no
14e,14,Deliver,Customer Downloads,Customer,manual,manual — collects from the status page,Customer Downloaded,Written to the trail when it fails,trail row,fails,,,"customer still incomplete — 1 of 4, 48h after hand-off",no
14e,14,Deliver,Customer Downloads,Customer,manual,manual — collects from the status page,Customer Downloaded,Written to the trail when it fails,trail row,fails,,,"customer still incomplete — 1 of 5, 48h after hand-off",no
14e,14,Deliver,Customer Downloads,Customer,manual,manual — collects from the status page,Customer Downloaded,Written to the trail when it fails,trail row,fails,,,"customer still incomplete — 2 of 3, 48h after hand-off",no
14e,14,Deliver,Customer Downloads,Customer,manual,manual — collects from the status page,Customer Downloaded,Written to the trail when it fails,trail row,fails,,,"customer still incomplete — 2 of 4, 48h after hand-off",no
14e,14,Deliver,Customer Downloads,Customer,manual,manual — collects from the status page,Customer Downloaded,Written to the trail when it fails,trail row,fails,,,"customer still incomplete — 2 of 5, 48h after hand-off",no
14e,14,Deliver,Customer Downloads,Customer,manual,manual — collects from the status page,Customer Downloaded,Written to the trail when it fails,trail row,fails,,,"customer still incomplete — 3 of 4, 48h after hand-off",no
14e,14,Deliver,Customer Downloads,Customer,manual,manual — collects from the status page,Customer Downloaded,Written to the trail when it fails,trail row,fails,,,"customer still incomplete — 3 of 5, 48h after hand-off",no
14e,14,Deliver,Customer Downloads,Customer,manual,manual — collects from the status page,Customer Downloaded,Written to the trail when it fails,trail row,fails,,,"customer still incomplete — 4 of 5, 48h after hand-off",no
14e,14,Deliver,Customer Downloads,Customer,manual,manual — collects from the status page,Customer Downloaded,Shown to someone when it fails,message,fails,Customer,status page,“That file is no longer available.”,yes
14e,14,Deliver,Customer Downloads,Customer,manual,manual — collects from the status page,Customer Downloaded,Shown to someone when it fails,message,fails,Customer,status page,“Your session has expired. Please sign in again.”,no
14e,14,Deliver,Customer Downloads,Customer,manual,manual — collects from the status page,Customer Downloaded,Shown to someone when it fails,message,fails,Customer,status page,“This submission isn’t assigned to you.”,no
14e,14,Deliver,Customer Downloads,Customer,manual,manual — collects from the status page,Customer Downloaded,Shown to someone when it fails,message,fails,Customer,status page,“We couldn’t reach storage. Please try again in a moment.”,no
14e,14,Deliver,Customer Downloads,Customer,manual,manual — collects from the status page,Customer Downloaded,Shown to someone when it fails,message,fails,Customer,status page,“That download didn’t finish — try it again.”,no
14e,14,Deliver,Customer Downloads,Customer,manual,manual — collects from the status page,Customer Downloaded,Shown to someone when it fails,message,fails,Customer,status page,“We couldn’t build the archive. Download the files individually.”,no
14e,14,Deliver,Customer Downloads,Customer,manual,manual — collects from the status page,Customer Downloaded,Shown to someone when it fails,message,fails,Admin,operator portal,"“The customer hasn’t collected anything, 48h after hand-off.”",no
14e,14,Deliver,Customer Downloads,Customer,manual,manual — collects from the status page,Customer Downloaded,Shown to someone when it fails,message,fails,Admin,operator portal,“The customer has 1 of 2 files.”,no
14e,14,Deliver,Customer Downloads,Customer,manual,manual — collects from the status page,Customer Downloaded,Shown to someone when it fails,message,fails,Admin,operator portal,“The customer has 1 of 3 files.”,no
14e,14,Deliver,Customer Downloads,Customer,manual,manual — collects from the status page,Customer Downloaded,Shown to someone when it fails,message,fails,Admin,operator portal,“The customer has 1 of 4 files.”,no
14e,14,Deliver,Customer Downloads,Customer,manual,manual — collects from the status page,Customer Downloaded,Shown to someone when it fails,message,fails,Admin,operator portal,“The customer has 1 of 5 files.”,no
14e,14,Deliver,Customer Downloads,Customer,manual,manual — collects from the status page,Customer Downloaded,Shown to someone when it fails,message,fails,Admin,operator portal,“The customer has 2 of 3 files.”,no
14e,14,Deliver,Customer Downloads,Customer,manual,manual — collects from the status page,Customer Downloaded,Shown to someone when it fails,message,fails,Admin,operator portal,“The customer has 2 of 4 files.”,no
14e,14,Deliver,Customer Downloads,Customer,manual,manual — collects from the status page,Customer Downloaded,Shown to someone when it fails,message,fails,Admin,operator portal,“The customer has 2 of 5 files.”,no
14e,14,Deliver,Customer Downloads,Customer,manual,manual — collects from the status page,Customer Downloaded,Shown to someone when it fails,message,fails,Admin,operator portal,“The customer has 3 of 4 files.”,no
14e,14,Deliver,Customer Downloads,Customer,manual,manual — collects from the status page,Customer Downloaded,Shown to someone when it fails,message,fails,Admin,operator portal,“The customer has 3 of 5 files.”,no
14e,14,Deliver,Customer Downloads,Customer,manual,manual — collects from the status page,Customer Downloaded,Shown to someone when it fails,message,fails,Admin,operator portal,“The customer has 4 of 5 files.”,no
14e,14,Deliver,Customer Downloads,Customer,manual,manual — collects from the status page,Customer Downloaded,Written to the trail when it works,trail row,works,,,customer collected — 1 of 1,no
14e,14,Deliver,Customer Downloads,Customer,manual,manual — collects from the status page,Customer Downloaded,Written to the trail when it works,trail row,works,,,customer collected — 1 of 2,no
14e,14,Deliver,Customer Downloads,Customer,manual,manual — collects from the status page,Customer Downloaded,Written to the trail when it works,trail row,works,,,customer collected — 1 of 3,no
14e,14,Deliver,Customer Downloads,Customer,manual,manual — collects from the status page,Customer Downloaded,Written to the trail when it works,trail row,works,,,customer collected — 1 of 4,no
14e,14,Deliver,Customer Downloads,Customer,manual,manual — collects from the status page,Customer Downloaded,Written to the trail when it works,trail row,works,,,customer collected — 1 of 5,no
14e,14,Deliver,Customer Downloads,Customer,manual,manual — collects from the status page,Customer Downloaded,Written to the trail when it works,trail row,works,,,customer collected — 2 of 2,no
14e,14,Deliver,Customer Downloads,Customer,manual,manual — collects from the status page,Customer Downloaded,Written to the trail when it works,trail row,works,,,customer collected — 2 of 3,no
14e,14,Deliver,Customer Downloads,Customer,manual,manual — collects from the status page,Customer Downloaded,Written to the trail when it works,trail row,works,,,customer collected — 2 of 4,no
14e,14,Deliver,Customer Downloads,Customer,manual,manual — collects from the status page,Customer Downloaded,Written to the trail when it works,trail row,works,,,customer collected — 2 of 5,no
14e,14,Deliver,Customer Downloads,Customer,manual,manual — collects from the status page,Customer Downloaded,Written to the trail when it works,trail row,works,,,customer collected — 3 of 3,no
14e,14,Deliver,Customer Downloads,Customer,manual,manual — collects from the status page,Customer Downloaded,Written to the trail when it works,trail row,works,,,customer collected — 3 of 4,no
14e,14,Deliver,Customer Downloads,Customer,manual,manual — collects from the status page,Customer Downloaded,Written to the trail when it works,trail row,works,,,customer collected — 3 of 5,no
14e,14,Deliver,Customer Downloads,Customer,manual,manual — collects from the status page,Customer Downloaded,Written to the trail when it works,trail row,works,,,customer collected — 4 of 4,no
14e,14,Deliver,Customer Downloads,Customer,manual,manual — collects from the status page,Customer Downloaded,Written to the trail when it works,trail row,works,,,customer collected — 4 of 5,no
14e,14,Deliver,Customer Downloads,Customer,manual,manual — collects from the status page,Customer Downloaded,Written to the trail when it works,trail row,works,,,customer collected — 5 of 5,no
14e,14,Deliver,Customer Downloads,Customer,manual,manual — collects from the status page,Customer Downloaded,Written to the trail when it works,trail row,works,,,customer collected in one pack,no
14e,14,Deliver,Customer Downloads,Customer,manual,manual — collects from the status page,Customer Downloaded,Shown to someone when it works,message,works,Customer,status page,the file downloads,yes
14e,14,Deliver,Customer Downloads,Customer,manual,manual — collects from the status page,Customer Downloaded,Shown to someone when it works,message,works,Customer,status page,“Your file downloaded — you have the complete set.”,no
14e,14,Deliver,Customer Downloads,Customer,manual,manual — collects from the status page,Customer Downloaded,Shown to someone when it works,message,works,Customer,status page,“All 2 files downloaded — you have the complete set.”,no
14e,14,Deliver,Customer Downloads,Customer,manual,manual — collects from the status page,Customer Downloaded,Shown to someone when it works,message,works,Customer,status page,“All 3 files downloaded — you have the complete set.”,no
14e,14,Deliver,Customer Downloads,Customer,manual,manual — collects from the status page,Customer Downloaded,Shown to someone when it works,message,works,Customer,status page,“All 4 files downloaded — you have the complete set.”,no
14e,14,Deliver,Customer Downloads,Customer,manual,manual — collects from the status page,Customer Downloaded,Shown to someone when it works,message,works,Customer,status page,“All 5 files downloaded — you have the complete set.”,no
14e,14,Deliver,Customer Downloads,Customer,manual,manual — collects from the status page,Customer Downloaded,Shown to someone when it works,message,works,Admin,operator portal,“The customer has started — first file collected.”,no
14e,14,Deliver,Customer Downloads,Customer,manual,manual — collects from the status page,Customer Downloaded,Shown to someone when it works,message,works,Admin,operator portal,“The customer has the complete set.”,no
15a,15,Collected,Inform Admin,System,automated,automated — fires on the customer's first collection,Admin Informed,Written to the trail when it fails,trail row,fails,,,⑨ collected → Admin failed,yes
15a,15,Collected,Inform Admin,System,automated,automated — fires on the customer's first collection,Admin Informed,Written to the trail when it fails,trail row,fails,,,⑨ collected → Admin bounced — hard,yes
15a,15,Collected,Inform Admin,System,automated,automated — fires on the customer's first collection,Admin Informed,Written to the trail when it fails,trail row,fails,,,⑨ collected → Admin bounced — soft,yes
15a,15,Collected,Inform Admin,System,automated,automated — fires on the customer's first collection,Admin Informed,Written to the trail when it fails,trail row,fails,,,⑨ collected → Admin bounced,yes
15a,15,Collected,Inform Admin,System,automated,automated — fires on the customer's first collection,Admin Informed,Written to the trail when it fails,trail row,fails,,,⑨ collected → Admin complained,yes
15a,15,Collected,Inform Admin,System,automated,automated — fires on the customer's first collection,Admin Informed,Shown to someone when it fails,message,fails,Admin,operator portal,a banner on the row — “The collection notice bounced.”,no
15a,15,Collected,Inform Admin,System,automated,automated — fires on the customer's first collection,Admin Informed,Written to the trail when it works,trail row,works,,,⑨ collected → Admin,yes
15a,15,Collected,Inform Admin,System,automated,automated — fires on the customer's first collection,Admin Informed,Written to the trail when it works,trail row,works,,,⑨ collected → Admin delivered,yes
15a,15,Collected,Inform Admin,System,automated,automated — fires on the customer's first collection,Admin Informed,Shown to someone when it works,message,works,Admin,email,⑨ collected — the customer has it,yes
15b,15,Collected,Update Client,System,automated,automated — fires on the customer's first collection,Client Updated,Written to the trail when it fails,trail row,fails,,,client status update failed — the page still shows the previous line,no
15b,15,Collected,Update Client,System,automated,automated — fires on the customer's first collection,Client Updated,Shown to someone when it fails,message,fails,Admin,operator portal,“The client’s status page didn’t update — it still shows the previous step.”,no
15b,15,Collected,Update Client,System,automated,automated — fires on the customer's first collection,Client Updated,Written to the trail when it works,trail row,works,,,client status — “Thanks — you've collected your feedback.”,no
15b,15,Collected,Update Client,System,automated,automated — fires on the customer's first collection,Client Updated,Shown to someone when it works,message,works,Customer,status page,“Thanks — you've collected your feedback.”,no
15c,15,Collected,Mark Resolved,Admin,manual,manual — closes the job,Marked Resolved,Shown to someone when it fails,message,fails,Admin,operator portal,“That didn’t go through — try again.”,no
15c,15,Collected,Mark Resolved,Admin,manual,manual — closes the job,Marked Resolved,Written to the trail when it works,trail row,works,,,resolved by an admin,no
15c,15,Collected,Mark Resolved,Admin,manual,manual — closes the job,Marked Resolved,Written to the trail when it works,trail row,works,,,resolved — retention clock set to {date},no
15c,15,Collected,Mark Resolved,Admin,manual,manual — closes the job,Marked Resolved,Shown to someone when it works,message,works,Admin,operator portal,the row moves to Resolved,yes
16a,16,Resolved,Send Thank-You,System,automated,automated — fires on resolve,Thank-You Sent,Written to the trail when it fails,trail row,fails,,,⑩ thank you → customer failed,yes
16a,16,Resolved,Send Thank-You,System,automated,automated — fires on resolve,Thank-You Sent,Written to the trail when it fails,trail row,fails,,,⑩ thank you → customer bounced — hard,yes
16a,16,Resolved,Send Thank-You,System,automated,automated — fires on resolve,Thank-You Sent,Written to the trail when it fails,trail row,fails,,,⑩ thank you → customer bounced — soft,yes
16a,16,Resolved,Send Thank-You,System,automated,automated — fires on resolve,Thank-You Sent,Written to the trail when it fails,trail row,fails,,,⑩ thank you → customer bounced,yes
16a,16,Resolved,Send Thank-You,System,automated,automated — fires on resolve,Thank-You Sent,Written to the trail when it fails,trail row,fails,,,⑩ thank you → customer complained,yes
16a,16,Resolved,Send Thank-You,System,automated,automated — fires on resolve,Thank-You Sent,Shown to someone when it fails,message,fails,Admin,operator portal,a banner on the row — “The thank-you bounced.”,no
16a,16,Resolved,Send Thank-You,System,automated,automated — fires on resolve,Thank-You Sent,Written to the trail when it works,trail row,works,,,⑩ thank you → customer,yes
16a,16,Resolved,Send Thank-You,System,automated,automated — fires on resolve,Thank-You Sent,Written to the trail when it works,trail row,works,,,⑩ thank you → customer delivered,yes
16a,16,Resolved,Send Thank-You,System,automated,automated — fires on resolve,Thank-You Sent,Shown to someone when it works,message,works,Customer,email,"⑩ thank you, carrying the deletion date",yes
16b,16,Resolved,Update Client,System,automated,automated — fires on resolve,Client Updated,Written to the trail when it fails,trail row,fails,,,client status update failed — the page still shows the previous line,no
16b,16,Resolved,Update Client,System,automated,automated — fires on resolve,Client Updated,Shown to someone when it fails,message,fails,Admin,operator portal,“The client’s status page didn’t update — it still shows the previous step.”,no
16b,16,Resolved,Update Client,System,automated,automated — fires on resolve,Client Updated,Written to the trail when it works,trail row,works,,,client status — “Resolved. Your files are kept until {date}.”,no
16b,16,Resolved,Update Client,System,automated,automated — fires on resolve,Client Updated,Shown to someone when it works,message,works,Customer,status page,“Resolved. Your files are kept until {date}.”,no
16c,16,Resolved,Reach Warning Date,System,automated,"automated — the nightly sweep, on the later of the two clocks",Warning Date Reached,Shown to someone when it fails,message,fails,Admin,operator portal,“The nightly sweep has not run since {date}.”,no
16c,16,Resolved,Reach Warning Date,System,automated,"automated — the nightly sweep, on the later of the two clocks",Warning Date Reached,Shown to someone when it fails,message,fails,Admin,operator portal,“CRON_SECRET is unset — the sweep refuses to run rather than run unguarded.”,no
16c,16,Resolved,Reach Warning Date,System,automated,"automated — the nightly sweep, on the later of the two clocks",Warning Date Reached,Written to the trail when it works,trail row,works,,,warning due — 30 days from collection,no
16c,16,Resolved,Reach Warning Date,System,automated,"automated — the nightly sweep, on the later of the two clocks",Warning Date Reached,Written to the trail when it works,trail row,works,,,warning due — 90 days from delivery,no
16c,16,Resolved,Reach Warning Date,System,automated,"automated — the nightly sweep, on the later of the two clocks",Warning Date Reached,Shown to someone when it works,message,works,Admin,operator portal,the row moves to Deleting,yes
17a,17,Deleting,Send Warning,System,automated,automated — the nightly sweep,Warning Sent,Written to the trail when it fails,trail row,fails,,,⑪ deletion warning → customer failed,yes
17a,17,Deleting,Send Warning,System,automated,automated — the nightly sweep,Warning Sent,Written to the trail when it fails,trail row,fails,,,⑪ deletion warning → customer bounced — hard,yes
17a,17,Deleting,Send Warning,System,automated,automated — the nightly sweep,Warning Sent,Written to the trail when it fails,trail row,fails,,,⑪ deletion warning → customer bounced — soft,yes
17a,17,Deleting,Send Warning,System,automated,automated — the nightly sweep,Warning Sent,Written to the trail when it fails,trail row,fails,,,⑪ deletion warning → customer bounced,yes
17a,17,Deleting,Send Warning,System,automated,automated — the nightly sweep,Warning Sent,Written to the trail when it fails,trail row,fails,,,⑪ deletion warning → customer complained,yes
17a,17,Deleting,Send Warning,System,automated,automated — the nightly sweep,Warning Sent,Shown to someone when it fails,message,fails,Admin,operator portal,"“The deletion warning to {customer} did not send. They have no notice, and it will not retry.”",no
17a,17,Deleting,Send Warning,System,automated,automated — the nightly sweep,Warning Sent,Written to the trail when it works,trail row,works,,,⑪ deletion warning → customer,yes
17a,17,Deleting,Send Warning,System,automated,automated — the nightly sweep,Warning Sent,Written to the trail when it works,trail row,works,,,⑪ deletion warning → customer delivered,yes
17a,17,Deleting,Send Warning,System,automated,automated — the nightly sweep,Warning Sent,Shown to someone when it works,message,works,Customer,email,"⑪ the deletion warning, a week out",yes
17b,17,Deleting,Update Client,System,automated,automated — fires on the warning,Client Updated,Written to the trail when it fails,trail row,fails,,,client status update failed — the page still shows the previous line,no
17b,17,Deleting,Update Client,System,automated,automated — fires on the warning,Client Updated,Shown to someone when it fails,message,fails,Admin,operator portal,“The client’s status page didn’t update — it still shows the previous step.”,no
17b,17,Deleting,Update Client,System,automated,automated — fires on the warning,Client Updated,Written to the trail when it works,trail row,works,,,client status — “Your files will be deleted on {date}.”,no
17b,17,Deleting,Update Client,System,automated,automated — fires on the warning,Client Updated,Shown to someone when it works,message,works,Customer,status page,“Your files will be deleted on {date}.”,no
17c,17,Deleting,Delete Files,System,automated,"automated — the nightly sweep, a week after the warning",Files Deleted,Shown to someone when it fails,message,fails,Admin,operator portal,“Storage refused the delete — {n} files are still there.”,no
17c,17,Deleting,Delete Files,System,automated,"automated — the nightly sweep, a week after the warning",Files Deleted,Shown to someone when it fails,message,fails,Admin,operator portal,the locator stays and the sweep retries tomorrow,no
17c,17,Deleting,Delete Files,System,automated,"automated — the nightly sweep, a week after the warning",Files Deleted,Written to the trail when it works,trail row,works,,,"swept — every folder, together",no
17c,17,Deleting,Delete Files,System,automated,"automated — the nightly sweep, a week after the warning",Files Deleted,Written to the trail when it works,trail row,works,,,swept by the nightly cron,no
17c,17,Deleting,Delete Files,System,automated,"automated — the nightly sweep, a week after the warning",Files Deleted,Written to the trail when it works,trail row,works,,,purged early by an admin override,no
17c,17,Deleting,Delete Files,System,automated,"automated — the nightly sweep, a week after the warning",Files Deleted,Shown to someone when it works,message,works,Customer,status page,any link they kept now answers 410,yes
17c,17,Deleting,Delete Files,System,automated,"automated — the nightly sweep, a week after the warning",Files Deleted,Shown to someone when it works,message,works,Admin,operator portal,the filenames show struck through in the folders,yes
18a,18,Purged,Remove Bytes,System,automated,automated — the nightly sweep,Bytes Removed,Written to the trail when it works,trail row,works,,,"bytes removed — {n} files, {size} freed",no
18a,18,Purged,Remove Bytes,System,automated,automated — the nightly sweep,Bytes Removed,Shown to someone when it works,message,works,Admin,operator portal,the filenames show struck through in the folders,yes
18b,18,Purged,Clear Locators,System,automated,automated — the nightly sweep,Locators Cleared,Written to the trail when it works,trail row,works,,,locators cleared — the rows survive,no
18b,18,Purged,Clear Locators,System,automated,automated — the nightly sweep,Locators Cleared,Shown to someone when it works,message,works,Customer,status page,"an old link answers 410 — gone, not missing",yes
18c,18,Purged,Update Client,System,automated,automated — fires on the purge,Client Updated,Written to the trail when it fails,trail row,fails,,,client status update failed — the page still shows the previous line,no
18c,18,Purged,Update Client,System,automated,automated — fires on the purge,Client Updated,Shown to someone when it fails,message,fails,Admin,operator portal,“The client’s status page didn’t update — it still shows the previous step.”,no
18c,18,Purged,Update Client,System,automated,automated — fires on the purge,Client Updated,Written to the trail when it works,trail row,works,,,client status — “Your files have been deleted. The record of your submission is kept.”,no
18c,18,Purged,Update Client,System,automated,automated — fires on the purge,Client Updated,Shown to someone when it works,message,works,Customer,status page,“Your files have been deleted. The record of your submission is kept.”,no
18d,18,Purged,Keep Record,System,automated,automated — nothing further is written,Record Kept,Written to the trail when it works,trail row,works,,,record kept — nothing further is written,no
18d,18,Purged,Keep Record,System,automated,automated — nothing further is written,Record Kept,Shown to someone when it works,message,works,Admin,operator portal,"the row still says what was sent, forever",yes
